modCodeStr,dbCodeStr,season,exportDate,RV,effectType,likelihood,mean,sd,q_025,q_5,q_975,mode,kld
10a_iliSum_v1-3,_ilinDt_Octfit_span0.4_degree2,999,2017-09-16,intercept_nonzero,fixed,normal,-0.10515454289442139,0.10081025490979498,-0.3129211356522857,-0.10221920188167154,0.0856991536360436,-0.09699402889736232,9.449040549640059e-6
10a_iliSum_v1-3,_ilinDt_Octfit_span0.4_degree2,999,2017-09-16,O_imscoverage_nonzero,fixed,normal,0.023604159065565816,0.07248124880466174,-0.11567611779578882,0.024052028213802867,0.16377753179916538,0.02860257890760131,2.1070717061785803e-5
10a_iliSum_v1-3,_ilinDt_Octfit_span0.4_degree2,999,2017-09-16,O_careseek_nonzero,fixed,normal,0.5371733591461155,0.046851403208666355,0.4448609090547143,0.5372633032747018,0.6288898429354475,0.5374451639191193,2.46281825609689e-6
10a_iliSum_v1-3,_ilinDt_Octfit_span0.4_degree2,999,2017-09-16,O_insured_nonzero,fixed,normal,0.035706337684678305,0.05830136017999251,-0.07982495982449522,0.036048740847271575,0.14922490496153992,0.03673440780732324,9.338254814974498e-6
10a_iliSum_v1-3,_ilinDt_Octfit_span0.4_degree2,999,2017-09-16,X_poverty_nonzero,fixed,normal,0.0017981765094440315,0.0777315962811973,-0.1536050410819155,0.0027438320637951583,0.15187600934480056,0.0046644188001436025,2.3927644098474185e-5
10a_iliSum_v1-3,_ilinDt_Octfit_span0.4_degree2,999,2017-09-16,X_child_nonzero,fixed,normal,0.35127723319541,0.096946778383091875,0.16088794482970645,0.35113725098133164,0.5420909318464846,0.3507221234501339,4.8681267328589295e-6
10a_iliSum_v1-3,_ilinDt_Octfit_span0.4_degree2,999,2017-09-16,X_adult_nonzero,fixed,normal,0.19503706146405722,0.09113394491625378,0.017011424628684407,0.19444169687011867,0.3759744528988992,0.19310122066593655,8.898863115528073e-6
10a_iliSum_v1-3,_ilinDt_Octfit_span0.4_degree2,999,2017-09-16,X_hospaccess_nonzero,fixed,normal,0.20308725953620854,0.06488191059539106,0.07511571003495501,0.20311236946164327,0.33068059915148185,0.2030690505590435,2.820075894958019e-6
10a_iliSum_v1-3,_ilinDt_Octfit_span0.4_degree2,999,2017-09-16,X_popdensity_nonzero,fixed,normal,0.5501789314529237,0.3332742796876436,-0.10815291450912001,0.5507318914685594,1.2046570002906654,0.5517857500841933,2.6357186034569767e-6
10a_iliSum_v1-3,_ilinDt_Octfit_span0.4_degree2,999,2017-09-16,X_housdensity_nonzero,fixed,normal,-0.026761614739475893,0.057180087400021125,-0.13752375100466668,-0.027274814738160475,0.0867651052441513,-0.028409416717726222,1.0304316050763673e-5
10a_iliSum_v1-3,_ilinDt_Octfit_span0.4_degree2,999,2017-09-16,X_vaxcovI_nonzero,fixed,normal,-0.14039737959354168,0.05028544705491937,-0.23932622467442838,-0.14054618242567488,-0.040369892564857596,-0.1405812916808945,5.618057326866872e-6
10a_iliSum_v1-3,_ilinDt_Octfit_span0.4_degree2,999,2017-09-16,X_vaxcovE_nonzero,fixed,normal,-0.07535960804764893,0.09120372268469071,-0.2536966612050199,-0.07576821540236212,0.10488544388761917,-0.07674085025589378,2.3732866067369726e-5
10a_iliSum_v1-3,_ilinDt_Octfit_span0.4_degree2,999,2017-09-16,X_H3A_nonzero,fixed,normal,0.024054982940052753,0.0573116929488576,-0.08863226425577772,0.024457225905782205,0.13390428854783656,0.024840325256543123,2.486370430496073e-5
10a_iliSum_v1-3,_ilinDt_Octfit_span0.4_degree2,999,2017-09-16,X_B_nonzero,fixed,normal,0.04727389012314472,0.03074842308468587,-0.011286862515794124,0.04653494570112012,0.10969983999910826,0.04478013582771343,4.6535235031943236e-6
10a_iliSum_v1-3,_ilinDt_Octfit_span0.4_degree2,999,2017-09-16,X_priorImmunity_nonzero,fixed,normal,0.01030629981969691,0.029910894053897342,-0.049872494262296535,0.010730457923741742,0.06817792858537697,0.011613104400775493,3.3307807336123733e-6
10a_iliSum_v1-3,_ilinDt_Octfit_span0.4_degree2,999,2017-09-16,X_humidity_nonzero,fixed,normal,0.16948750976013907,0.0967293207177894,-0.024843936193728378,0.1707869428090588,0.35634322797136375,0.17318745713864184,2.5026576110966916e-6
10a_iliSum_v1-3,_ilinDt_Octfit_span0.4_degree2,999,2017-09-16,X_pollution_nonzero,fixed,normal,0.02437805118032777,0.031247040031270018,-0.037067251250726733,0.024398115323972482,0.08565032424645691,0.024442378388219273,6.386063885571274e-7
10a_iliSum_v1-3,_ilinDt_Octfit_span0.4_degree2,999,2017-09-16,X_singlePersonHH_nonzero,fixed,normal,0.19965926655407204,0.11393504021228212,-0.02211164249989306,0.1988981300637534,0.42545517520698095,0.19741004649067362,3.881492219800494e-6
10a_iliSum_v1-3,_ilinDt_Octfit_span0.4_degree2,999,2017-09-16,X_adult_nonzero:X_H3A_nonzero,fixed,normal,-0.07965631061905533,0.05221361768576052,-0.18211681707374666,-0.07969621066713412,0.02290956426145975,-0.07977627815912466,1.1278653775575543e-6
10a_iliSum_v1-3,_ilinDt_Octfit_span0.4_degree2,999,2017-09-16,X_child_nonzero:X_B_nonzero,fixed,normal,0.01638845425610542,0.0273155352260251,-0.0374043566400186,0.016438161798699603,0.06986358555294966,0.016554075003566676,1.7410441651977398e-6
10a_iliSum_v1-3,_ilinDt_Octfit_span0.4_degree2,999,2017-09-16,Precision for the Gaussian observations,hyperpar,NA,18680.964780127597,18390.87191060568,1257.5235150568565,13253.248090728555,67336.43330633602,3432.5394218703204,NA
10a_iliSum_v1-3,_ilinDt_Octfit_span0.4_degree2,999,2017-09-16,Precision for ID_nonzero,hyperpar,normal,7.936522955480556,0.7179794114451038,6.60160200558405,7.910717429890991,9.426587511746396,7.867301147955741,NA
10a_iliSum_v1-3,_ilinDt_Octfit_span0.4_degree2,999,2017-09-16,Precision for fips_st_nonzero,hyperpar,normal,11.859158866418111,3.841115492071542,6.047351382743154,11.2861381285355,20.987554153177374,10.225494197485574,NA
10a_iliSum_v1-3,_ilinDt_Octfit_span0.4_degree2,999,2017-09-16,Precision for regionID_nonzero,hyperpar,normal,18412.797693927034,18273.402010896883,1223.699510290037,12999.813859639595,66816.5059535463,3321.367757031286,NA
10a_iliSum_v1-3,_ilinDt_Octfit_span0.4_degree2,999,2017-09-16,Precision for season_nonzero,hyperpar,normal,178.2619614610794,387.4856763816983,11.070351766977357,78.17302022543021,968.6472225540281,26.221927343595425,NA
10a_iliSum_v1-3,_ilinDt_Octfit_span0.4_degree2,999,2017-09-16,01,stID,normal,0.28997735382996076,0.16749408741999017,-0.035498364017432615,0.28858844427614666,0.623220462758336,0.28595996700194837,4.861749418208886e-7
10a_iliSum_v1-3,_ilinDt_Octfit_span0.4_degree2,999,2017-09-16,04,stID,normal,-0.3115352568956926,0.18762449002677123,-0.6874652499124914,-0.3091257605105551,0.0508561456261884,-0.3043073175601554,4.5207600408234e-6
10a_iliSum_v1-3,_ilinDt_Octfit_span0.4_degree2,999,2017-09-16,05,stID,normal,0.14939468930539995,0.16186195593848035,-0.16497538541228962,0.148054322990925,0.4709325201981464,0.14533506280492864,9.32412363442161e-6
10a_iliSum_v1-3,_ilinDt_Octfit_span0.4_degree2,999,2017-09-16,06,stID,normal,-0.2661602071413693,0.1681283824906749,-0.5964049708136189,-0.26634396241204067,0.06482934083869973,-0.266637231664264,1.4262845296134758e-6
10a_iliSum_v1-3,_ilinDt_Octfit_span0.4_degree2,999,2017-09-16,08,stID,normal,0.1057386065253886,0.188887616526722,-0.2670045146105137,0.10591198846085681,0.4767920831983416,0.10596401409011647,1.0061292671517891e-6
10a_iliSum_v1-3,_ilinDt_Octfit_span0.4_degree2,999,2017-09-16,09,stID,normal,-0.04378381824521122,0.160918610638325,-0.3604029517593371,-0.043839443612094894,0.27281178880279566,-0.043927840491606536,1.3786173963702608e-6
10a_iliSum_v1-3,_ilinDt_Octfit_span0.4_degree2,999,2017-09-16,10,stID,normal,-0.11072896076291125,0.1503472643248264,-0.4062648528326865,-0.11077957225351547,0.1848082331514585,-0.11085250219600194,8.406493983490046e-7
10a_iliSum_v1-3,_ilinDt_Octfit_span0.4_degree2,999,2017-09-16,12,stID,normal,-0.2322080890188445,0.24717167728477374,-0.7248764183743747,-0.23033821551461642,0.2503481830664155,-0.22613617249957738,4.0144929976158135e-6
10a_iliSum_v1-3,_ilinDt_Octfit_span0.4_degree2,999,2017-09-16,13,stID,normal,0.08344439090240452,0.16500150089905402,-0.23897805522694582,0.08262493597726298,0.4101205257069508,0.08113794576268406,7.139482961886494e-7
10a_iliSum_v1-3,_ilinDt_Octfit_span0.4_degree2,999,2017-09-16,16,stID,normal,-0.02289900182622142,0.18322511320482027,-0.3862104727317294,-0.021913829125942197,0.33474959601231746,-0.0198341023152683,3.5743344855619728e-6
10a_iliSum_v1-3,_ilinDt_Octfit_span0.4_degree2,999,2017-09-16,17,stID,normal,-0.19628506216455743,0.15010051236412925,-0.49456897653367965,-0.195124028587559,0.0953234012205631,-0.1927786497914051,1.207481528737493e-5
10a_iliSum_v1-3,_ilinDt_Octfit_span0.4_degree2,999,2017-09-16,18,stID,normal,-0.18300020806312658,0.14535785400375428,-0.47033905571377976,-0.18241847435423786,0.10089384770147222,-0.18119312523589834,2.9870128921739316e-6
10a_iliSum_v1-3,_ilinDt_Octfit_span0.4_degree2,999,2017-09-16,19,stID,normal,0.5018135358232791,0.1673711950589936,0.17941277036178305,0.4996239804279831,0.8363864700195716,0.4950052304041125,1.929966453084438e-5
10a_iliSum_v1-3,_ilinDt_Octfit_span0.4_degree2,999,2017-09-16,20,stID,normal,-0.4402551909904921,0.16203525563419363,-0.7623297425138529,-0.43893282173576237,-0.12556362644235675,-0.43607737072553293,1.3262448191549842e-5
10a_iliSum_v1-3,_ilinDt_Octfit_span0.4_degree2,999,2017-09-16,21,stID,normal,0.14230468546486594,0.1538071964257515,-0.15649056810024475,0.14108051733941032,0.44759150017856414,0.13857281161282836,7.602080546094967e-6
10a_iliSum_v1-3,_ilinDt_Octfit_span0.4_degree2,999,2017-09-16,22,stID,normal,-0.1962724065981925,0.1959806691649375,-0.5781092238969636,-0.19781815389127697,0.19464550568648065,-0.20026383018469854,1.4616466884989935e-6
10a_iliSum_v1-3,_ilinDt_Octfit_span0.4_degree2,999,2017-09-16,23,stID,normal,-0.22454930123829403,0.17218637601654402,-0.5671187789554851,-0.22314835744290706,0.11015790387492794,-0.22017967836604302,7.023627601511061e-6
10a_iliSum_v1-3,_ilinDt_Octfit_span0.4_degree2,999,2017-09-16,24,stID,normal,0.023745274534295768,0.16052385418333517,-0.2940706012053471,0.02442609795046822,0.3375122733666692,0.02581897222744573,3.7404530193934976e-6
10a_iliSum_v1-3,_ilinDt_Octfit_span0.4_degree2,999,2017-09-16,25,stID,normal,0.2030687192657831,0.1746465866768167,-0.13814835501212494,0.20211818841995827,0.5490153684413387,0.20016496293060243,2.0610263010895948e-6
10a_iliSum_v1-3,_ilinDt_Octfit_span0.4_degree2,999,2017-09-16,26,stID,normal,-0.03424175049109466,0.15761596272969491,-0.34421601098920745,-0.03425055910906048,0.27544617659991705,-0.03427281071140026,3.270206555767486e-7
10a_iliSum_v1-3,_ilinDt_Octfit_span0.4_degree2,999,2017-09-16,27,stID,normal,-0.22784542064320515,0.16695288819653306,-0.559611992178728,-0.22656154849999968,0.0968453382592124,-0.2236893458027793,8.606819755947997e-6
10a_iliSum_v1-3,_ilinDt_Octfit_span0.4_degree2,999,2017-09-16,28,stID,normal,0.28766043462813234,0.1866330904173268,-0.06907422469817198,0.2841096661970406,0.6654626944016997,0.2774232341622523,7.804716714550374e-6
10a_iliSum_v1-3,_ilinDt_Octfit_span0.4_degree2,999,2017-09-16,29,stID,normal,-0.06714169431539874,0.14575525696503397,-0.35441885727064554,-0.06689076176012854,0.21846911119057988,-0.06636929701038474,4.789161695277662e-7
10a_iliSum_v1-3,_ilinDt_Octfit_span0.4_degree2,999,2017-09-16,30,stID,normal,-0.6148836971321342,0.19329817977815708,-1.0052954597575665,-0.61120380505971,-0.2453634829645257,-0.6041080933696563,1.7850298137580298e-5
10a_iliSum_v1-3,_ilinDt_Octfit_span0.4_degree2,999,2017-09-16,31,stID,normal,0.22208002631354765,0.16612708627005268,-0.10111492866060964,0.22084420608616137,0.5516601688709847,0.21822493198722454,6.139676232930712e-6
10a_iliSum_v1-3,_ilinDt_Octfit_span0.4_degree2,999,2017-09-16,32,stID,normal,-0.3360245272674446,0.19703182356175053,-0.734523279821332,-0.3320629385466441,0.03986405807322235,-0.32452884601875226,3.599894902633124e-5
10a_iliSum_v1-3,_ilinDt_Octfit_span0.4_degree2,999,2017-09-16,33,stID,normal,-0.0883989535691546,0.17841104225349375,-0.4419087221581526,-0.0875947211571228,0.26043535991680417,-0.08585196218717374,3.1647606826760814e-6
10a_iliSum_v1-3,_ilinDt_Octfit_span0.4_degree2,999,2017-09-16,34,stID,normal,-0.02358406201498011,0.22097885933212538,-0.46133230970749284,-0.022993014203863273,0.41047772157253076,-0.021807983979237854,3.5733656581426413e-6
10a_iliSum_v1-3,_ilinDt_Octfit_span0.4_degree2,999,2017-09-16,35,stID,normal,-0.17916580702330343,0.19006318751449658,-0.5566890610277645,-0.1780226940458091,0.19172713605965702,-0.17573449140515873,5.784392477725339e-7
10a_iliSum_v1-3,_ilinDt_Octfit_span0.4_degree2,999,2017-09-16,36,stID,normal,0.02150240559486579,0.1642894701493756,-0.3029357885777402,0.021896768211774876,0.3433606861667262,0.022625483614397812,8.879845212463001e-7
10a_iliSum_v1-3,_ilinDt_Octfit_span0.4_degree2,999,2017-09-16,37,stID,normal,0.4558179812309967,0.14495037162085753,0.17444524600439326,0.4546694288955214,0.7433684256745718,0.4523974142612825,1.1216280498410451e-05
10a_iliSum_v1-3,_ilinDt_Octfit_span0.4_degree2,999,2017-09-16,38,stID,normal,-0.3930287189193742,0.19655163055504965,-0.7900855882921191,-0.38923813787519,-0.016892686732343454,-0.38150495895595027,2.28365397271326e-5
10a_iliSum_v1-3,_ilinDt_Octfit_span0.4_degree2,999,2017-09-16,39,stID,normal,-0.10683018581022864,0.14956753743429696,-0.4021822208042651,-0.10638532209519763,0.1858097789466272,-0.1054472517553102,1.2298495550446377e-6
10a_iliSum_v1-3,_ilinDt_Octfit_span0.4_degree2,999,2017-09-16,40,stID,normal,0.4013334202209365,0.154314898684256,0.10276955546591621,0.3998050318131492,0.7082496158385198,0.39671606656433556,2.4592451090480762e-5
10a_iliSum_v1-3,_ilinDt_Octfit_span0.4_degree2,999,2017-09-16,41,stID,normal,0.0014389918771160065,0.16078644043503715,-0.31502804007269314,0.001449602939404825,0.3173044448167184,0.0012911712179435268,1.1844361478127383e-6
10a_iliSum_v1-3,_ilinDt_Octfit_span0.4_degree2,999,2017-09-16,42,stID,normal,-0.05817310250954238,0.158712886031159,-0.37112188842887595,-0.057948426763263144,0.25317446681970773,-0.05753227815035326,5.491098539707798e-7
10a_iliSum_v1-3,_ilinDt_Octfit_span0.4_degree2,999,2017-09-16,44,stID,normal,-0.015449724059519564,0.20537627337950318,-0.4190574055725492,-0.01590953811357222,0.3901744375323741,-0.016808666077617756,3.099581356304248e-6
10a_iliSum_v1-3,_ilinDt_Octfit_span0.4_degree2,999,2017-09-16,45,stID,normal,-0.2100216387439089,0.17545122622303988,-0.5539043924709225,-0.21046536254859843,0.1360210223318628,-0.2112711299994617,1.5312831786166601e-6
10a_iliSum_v1-3,_ilinDt_Octfit_span0.4_degree2,999,2017-09-16,46,stID,normal,0.4553162258119163,0.19978489574046382,0.07276747780482395,0.451793485678684,0.8577111136106036,0.44428030755857406,2.106226885466517e-5
10a_iliSum_v1-3,_ilinDt_Octfit_span0.4_degree2,999,2017-09-16,47,stID,normal,0.3524705817571151,0.14772859152765058,0.06619605153315195,0.35111921938681384,0.6461658549218416,0.3484418870959687,1.060297472247067e-5
10a_iliSum_v1-3,_ilinDt_Octfit_span0.4_degree2,999,2017-09-16,48,stID,normal,0.24155738621981218,0.18946854910132524,-0.12363782567838652,0.23892662059204753,0.6214060981105356,0.23342255358900763,1.4694618294776264e-5
10a_iliSum_v1-3,_ilinDt_Octfit_span0.4_degree2,999,2017-09-16,49,stID,normal,0.21062296896964675,0.2428611669108674,-0.2526502418778307,0.20529677980736874,0.703902720607068,0.19435623679073405,2.170124865801047e-5
10a_iliSum_v1-3,_ilinDt_Octfit_span0.4_degree2,999,2017-09-16,50,stID,normal,-0.2000633194835948,0.17102231614380672,-0.5419746853436045,-0.19791768668463197,0.13026492568387135,-0.1931379150930254,2.1738942087022638e-5
10a_iliSum_v1-3,_ilinDt_Octfit_span0.4_degree2,999,2017-09-16,51,stID,normal,0.28087132657097286,0.15777981474695849,-0.02735299952682435,0.28013569521654375,0.5927494688825381,0.2786016897771653,1.1271978939569904e-6
10a_iliSum_v1-3,_ilinDt_Octfit_span0.4_degree2,999,2017-09-16,53,stID,normal,-0.18966514655175068,0.1532625859921624,-0.49409431226829964,-0.18862291551529456,0.10872921469995195,-0.18653577725485349,5.107333425759513e-6
10a_iliSum_v1-3,_ilinDt_Octfit_span0.4_degree2,999,2017-09-16,54,stID,normal,0.2301875108193002,0.18419631001338627,-0.12793863987713996,0.228710108653091,0.5958958255941618,0.22549938793847363,8.973484196383085e-6
10a_iliSum_v1-3,_ilinDt_Octfit_span0.4_degree2,999,2017-09-16,55,stID,normal,0.20736972640304754,0.14749635656850396,-0.08267185621402587,0.20736772898196634,0.4970878165550071,0.20735568886859987,4.812535574553979e-7
10a_iliSum_v1-3,_ilinDt_Octfit_span0.4_degree2,999,2017-09-16,56,stID,normal,0.10438416200580043,0.17353108362655204,-0.24119788895825645,0.10579297159828653,0.441921544677483,0.10864970578535653,1.0173818577253546e-5
10a_iliSum_v1-3,_ilinDt_Octfit_span0.4_degree2,999,2017-09-16,R1,regID,normal,-5.043212347906674e-4,0.011519836284914911,-0.023818401643352652,-2.5397984816105337e-4,0.020613751320506864,-1.258931774312919e-4,8.827076770570857e-5
10a_iliSum_v1-3,_ilinDt_Octfit_span0.4_degree2,999,2017-09-16,R2,regID,normal,-1.2940681105475385e-5,0.011542454670995766,-0.022259290917140174,-2.7465482591899994e-6,0.022152124244137334,4.577438335560771e-7,9.011901130249068e-5
10a_iliSum_v1-3,_ilinDt_Octfit_span0.4_degree2,999,2017-09-16,R3,regID,normal,5.535363026700545e-4,0.011505967793248037,-0.020364431723884333,2.6392482567031864e-4,0.024035814305357863,1.27719312489132e-4,8.817160893160019e-5
10a_iliSum_v1-3,_ilinDt_Octfit_span0.4_degree2,999,2017-09-16,R4,regID,normal,0.0017814431211342044,0.01205225164970624,-0.017340824984889827,8.300119248183083e-4,0.02927693809175301,3.998691359748041e-4,9.91580895899867e-5
10a_iliSum_v1-3,_ilinDt_Octfit_span0.4_degree2,999,2017-09-16,R5,regID,normal,-7.876615799256637e-4,0.011561469795570396,-0.024891484138459506,-3.7840195659246534e-4,0.019745118375253626,-1.8500717644225344e-4,8.918303656064996e-5
10a_iliSum_v1-3,_ilinDt_Octfit_span0.4_degree2,999,2017-09-16,R6,regID,normal,6.046142753882936e-4,0.011557342041001652,-0.020269277262813842,2.8679958884218775e-4,0.02427544340980092,1.3837149372585114e-4,9.12650644973494e-5
10a_iliSum_v1-3,_ilinDt_Octfit_span0.4_degree2,999,2017-09-16,R7,regID,normal,3.127194179850754e-4,0.011505640018642745,-0.021165379445783766,1.5164110723393616e-4,0.023183950475130076,7.445683365153846e-5,8.81172261252396e-5
10a_iliSum_v1-3,_ilinDt_Octfit_span0.4_degree2,999,2017-09-16,R8,regID,normal,-2.1761956222590505e-4,0.011502794286504827,-0.022932769984524114,-9.648674784458987e-5,0.021390080489070644,-4.3732430148415795e-5,8.756825202982203e-5
10a_iliSum_v1-3,_ilinDt_Octfit_span0.4_degree2,999,2017-09-16,R9,regID,normal,-0.0013978900879608306,0.011881120425337599,-0.027585705355089116,-6.517661506635136e-4,0.018249246510980466,-3.1476582632481635e-4,9.862432433698724e-5
10a_iliSum_v1-3,_ilinDt_Octfit_span0.4_degree2,999,2017-09-16,R10,regID,normal,-3.29787866866812e-4,0.01152207090980268,-0.023326107090586676,-1.5208992207017198e-4,0.021074114936674476,-7.151124099152298e-5,8.857592382398912e-5
10a_iliSum_v1-3,_ilinDt_Octfit_span0.4_degree2,999,2017-09-16,S3,season,normal,-0.034510830226895786,0.100623394447894,-0.24161345184387048,-0.029260339459982857,0.18214031224772778,-0.014564196525267178,2.097829906952094e-5
10a_iliSum_v1-3,_ilinDt_Octfit_span0.4_degree2,999,2017-09-16,S4,season,normal,0.09264540263867506,0.10344272823287076,-0.061030766705645015,0.07360861379345844,0.32974022669957725,0.013856178167414135,2.7888855429337393e-5
10a_iliSum_v1-3,_ilinDt_Octfit_span0.4_degree2,999,2017-09-16,S5,season,normal,0.048164331058307995,0.09239510590513561,-0.11420123554370545,0.03246137367912087,0.25870657898171906,0.006563248523180867,2.2467220634757616e-5
10a_iliSum_v1-3,_ilinDt_Octfit_span0.4_degree2,999,2017-09-16,S6,season,normal,0.07766877348982149,0.10019352521255187,-0.07989498270651402,0.05876488392702821,0.3054101550842151,0.009767779625956347,2.4186869919454656e-5
10a_iliSum_v1-3,_ilinDt_Octfit_span0.4_degree2,999,2017-09-16,S7,season,normal,0.058736995598421084,0.07980201753512213,-0.08904624729994945,0.04902092601780057,0.231617473758748,0.0201105242762031,1.6866543647537507e-5
10a_iliSum_v1-3,_ilinDt_Octfit_span0.4_degree2,999,2017-09-16,S8,season,normal,-0.014198310633407572,0.08149771504620779,-0.19931053496460105,-0.006055662903091589,0.1378345505624362,0.002166704128205509,2.040577677291295e-5
10a_iliSum_v1-3,_ilinDt_Octfit_span0.4_degree2,999,2017-09-16,S9,season,normal,-0.22771912834236688,0.16593495542636122,-0.5786865903335617,-0.21958336330686162,0.011367620690410918,-0.024426462487548817,3.483801581307278e-5
10a_iliSum_v1-3,_ilinDt_Octfit_span0.4_degree2,999,2017-09-16,1,error,normal,0.03067326420509452,0.14379291047655535,-0.2519182647110673,0.03071176002365099,0.31278252524015165,0.03082071225957471,2.266822093447687e-7
10a_iliSum_v1-3,_ilinDt_Octfit_span0.4_degree2,999,2017-09-16,2,error,normal,0.39138219240750266,0.14838534325183758,0.09960642206888093,0.3914630310897285,0.6824800651412837,0.3916525976153732,1.0444913776565628e-5
10a_iliSum_v1-3,_ilinDt_Octfit_span0.4_degree2,999,2017-09-16,3,error,normal,0.4572574058059986,0.17402368358150536,0.11387135597309822,0.4578245890335889,0.7972432249522214,0.45906169122910884,1.1707499799011573e-5
10a_iliSum_v1-3,_ilinDt_Octfit_span0.4_degree2,999,2017-09-16,4,error,normal,-0.19349815564009956,0.14384406360209429,-0.47619673235087967,-0.19346158997026702,0.08871987359857675,-0.19336533231682607,1.5657597957118366e-7
10a_iliSum_v1-3,_ilinDt_Octfit_span0.4_degree2,999,2017-09-16,5,error,normal,-0.35911198015401963,0.14862781588308227,-0.6516790935480531,-0.35889710572196637,-0.06798868750511994,-0.3584064788632796,7.291506839978172e-7
10a_iliSum_v1-3,_ilinDt_Octfit_span0.4_degree2,999,2017-09-16,6,error,normal,-0.043028739365112055,0.15763198894637082,-0.3524191531881027,-0.04313285091345045,0.26662177252408265,-0.043340505217074915,9.949005423972018e-7
10a_iliSum_v1-3,_ilinDt_Octfit_span0.4_degree2,999,2017-09-16,7,error,normal,0.2907814727876412,0.15790767482163093,-0.019603509387747464,0.29087433481587505,0.600361345124524,0.291116773615127,9.63953960006942e-6
10a_iliSum_v1-3,_ilinDt_Octfit_span0.4_degree2,999,2017-09-16,8,error,normal,-0.25964830372186604,0.16938594436642027,-0.5921315007083567,-0.25974218122122816,0.07304542861744767,-0.25988452664948397,1.9033577888503983e-07
10a_iliSum_v1-3,_ilinDt_Octfit_span0.4_degree2,999,2017-09-16,9,error,normal,-0.09342645439249994,0.14508059515801616,-0.37783397335027685,-0.09360057685299938,0.19166668154871286,-0.09390787294146356,2.654131365036191e-6
10a_iliSum_v1-3,_ilinDt_Octfit_span0.4_degree2,999,2017-09-16,10,error,normal,0.2548607083243779,0.15211600594671032,-0.04434710168180156,0.2550548434195985,0.5527813010014208,0.25555175682696973,5.4095363623953095e-6
10a_iliSum_v1-3,_ilinDt_Octfit_span0.4_degree2,999,2017-09-16,11,error,normal,-0.15984065854924806,0.15738814352788294,-0.46915130251988124,-0.15979378219378396,0.14894416843227617,-0.15967258052061356,4.490864372778031e-6
10a_iliSum_v1-3,_ilinDt_Octfit_span0.4_degree2,999,2017-09-16,12,error,normal,0.11216806727444024,0.14957751491388543,-0.18224497181805982,0.11237060907854342,0.4051839551365964,0.1128252175194594,3.700170156018353e-6
10a_iliSum_v1-3,_ilinDt_Octfit_span0.4_degree2,999,2017-09-16,13,error,normal,0.06760400763935065,0.15466830078403998,-0.23623953051803295,0.06760108107615659,0.3711843594772096,0.06761710998868968,1.7416639495863731e-6
10a_iliSum_v1-3,_ilinDt_Octfit_span0.4_degree2,999,2017-09-16,14,error,normal,0.7962282077124412,0.15397339412580313,0.49329436802813575,0.7963991788273806,1.0979175025807917,0.7967767287751889,5.2192343725575405e-6
10a_iliSum_v1-3,_ilinDt_Octfit_span0.4_degree2,999,2017-09-16,15,error,normal,-0.3823438577403747,0.15054961257989335,-0.6774280276809324,-0.3825840824897272,-0.08624997764972847,-0.3830866318507568,2.3180127363681808e-6
10a_iliSum_v1-3,_ilinDt_Octfit_span0.4_degree2,999,2017-09-16,16,error,normal,-0.3412858380922678,0.1467562054360378,-0.6306835732479346,-0.340815161461678,-0.05459748614761378,-0.3396903140430494,2.7708228385606637e-6
10a_iliSum_v1-3,_ilinDt_Octfit_span0.4_degree2,999,2017-09-16,17,error,normal,0.389966794195155,0.1473602405540404,0.10019625032704066,0.39007614554585285,0.6788544231945781,0.39033833045403266,4.46804712233621e-6
10a_iliSum_v1-3,_ilinDt_Octfit_span0.4_degree2,999,2017-09-16,18,error,normal,0.13512340881720936,0.1398836279871446,-0.13934206863730814,0.13502731708309273,0.4098690938123955,0.13487352919804146,6.377093623072846e-7
10a_iliSum_v1-3,_ilinDt_Octfit_span0.4_degree2,999,2017-09-16,19,error,normal,0.30265953836266773,0.1527088674382961,0.002070580314126158,0.30290216722265134,0.6016848229563647,0.3034834471478706,8.751429857949784e-7
10a_iliSum_v1-3,_ilinDt_Octfit_span0.4_degree2,999,2017-09-16,20,error,normal,-0.581055759937549,0.16271691504250038,-0.9008686861383369,-0.5809997905665065,-0.26187133459530554,-0.5808546422107793,9.670901007974482e-7
10a_iliSum_v1-3,_ilinDt_Octfit_span0.4_degree2,999,2017-09-16,21,error,normal,-0.22775914461899,0.15791947269516482,-0.5368844555447343,-0.2281302751740205,0.0831351526487171,-0.22885722928121643,4.387717021982489e-6
10a_iliSum_v1-3,_ilinDt_Octfit_span0.4_degree2,999,2017-09-16,22,error,normal,-0.03579940523682226,0.1512094292788595,-0.3332419232756364,-0.035646953102756056,0.26049811279007984,-0.035312057418252454,7.870615655829273e-6
10a_iliSum_v1-3,_ilinDt_Octfit_span0.4_degree2,999,2017-09-16,23,error,normal,-0.5180189968985652,0.1658426233001402,-0.8449217572572558,-0.5175210647515733,-0.19398871476434032,-0.5163196249791678,2.7189727316105617e-6
10a_iliSum_v1-3,_ilinDt_Octfit_span0.4_degree2,999,2017-09-16,24,error,normal,-0.29332099854784116,0.16300992880379683,-0.6140800624404998,-0.2931207899677291,0.026025035148534714,-0.2926684771353486,5.864289408998621e-6
10a_iliSum_v1-3,_ilinDt_Octfit_span0.4_degree2,999,2017-09-16,25,error,normal,0.4720754416495568,0.1601918756140193,0.15792307290786228,0.4718811361409174,0.7869591371693017,0.47147100781640194,1.647555923532841e-6
10a_iliSum_v1-3,_ilinDt_Octfit_span0.4_degree2,999,2017-09-16,26,error,normal,-0.7103908206129652,0.16529725134737697,-1.0356393827476182,-0.7101929157048658,-0.38651657633540853,-0.7097397160379103,8.508293230777069e-7
10a_iliSum_v1-3,_ilinDt_Octfit_span0.4_degree2,999,2017-09-16,27,error,normal,-0.30089446973908,0.16204698721195648,-0.6185737167059244,-0.30112727420440194,0.01775860421062192,-0.30157636595800075,1.1218361852642373e-6
10a_iliSum_v1-3,_ilinDt_Octfit_span0.4_degree2,999,2017-09-16,28,error,normal,-0.5299664007922626,0.15272360235506532,-0.8287178238932065,-0.5303636712619875,-0.22933845692189303,-0.5311437274492081,3.3135821571480227e-6
10a_iliSum_v1-3,_ilinDt_Octfit_span0.4_degree2,999,2017-09-16,29,error,normal,0.056556824451031426,0.1484889743129837,-0.23567489945616882,0.05679678760954265,0.3472565322968016,0.05738589641851668,5.854015733086453e-6
10a_iliSum_v1-3,_ilinDt_Octfit_span0.4_degree2,999,2017-09-16,30,error,normal,0.012799798547636474,0.14427889268363908,-0.27057842948861155,0.012787763673266317,0.2959452010538968,0.012783325889363113,3.288723225524119e-6
10a_iliSum_v1-3,_ilinDt_Octfit_span0.4_degree2,999,2017-09-16,31,error,normal,0.026065265176074368,0.1523922833666037,-0.273445944099663,0.02626721629079489,0.32437636140447584,0.026876286422000843,6.4723356816977044e-6
10a_iliSum_v1-3,_ilinDt_Octfit_span0.4_degree2,999,2017-09-16,32,error,normal,0.2130859231576503,0.1514155608089252,-0.08478596998764171,0.21322911110886847,0.5098815777757956,0.21355307590502606,3.886770910345905e-7
10a_iliSum_v1-3,_ilinDt_Octfit_span0.4_degree2,999,2017-09-16,33,error,normal,0.30948963380787575,0.15031953859463015,0.014228849632846208,0.3094933529431119,0.604437727890735,0.30954181361798677,6.228448409827182e-6
10a_iliSum_v1-3,_ilinDt_Octfit_span0.4_degree2,999,2017-09-16,34,error,normal,0.24449672637950073,0.1521102535509646,-0.05500518940023805,0.24475308468955873,0.5423192294265777,0.2453350981679998,5.276329608105046e-6
10a_iliSum_v1-3,_ilinDt_Octfit_span0.4_degree2,999,2017-09-16,35,error,normal,0.16743725821209526,0.1598401170204992,-0.14618097799984384,0.16729718120546094,0.48149441522462966,0.1670085861640895,9.915896791256153e-7
10a_iliSum_v1-3,_ilinDt_Octfit_span0.4_degree2,999,2017-09-16,36,error,normal,-0.5377017888364793,0.17872957906391737,-0.8887776472007457,-0.5376536500421203,-0.18719628607720895,-0.5374752116908408,2.2389006388628604e-6
10a_iliSum_v1-3,_ilinDt_Octfit_span0.4_degree2,999,2017-09-16,37,error,normal,-0.33897294540760176,0.15528366954773595,-0.6443086984845923,-0.3388712343975617,-0.03451171928991437,-0.33864040633183456,2.92952482729039e-6
10a_iliSum_v1-3,_ilinDt_Octfit_span0.4_degree2,999,2017-09-16,38,error,normal,0.6654711534868069,0.16286485259502992,0.3460446227984438,0.6652858617009384,0.9856247886981534,0.6649203621821167,3.6555160695999887e-6
10a_iliSum_v1-3,_ilinDt_Octfit_span0.4_degree2,999,2017-09-16,39,error,normal,-0.24399264083232855,0.1496107459581045,-0.537412212661822,-0.2441495600093005,0.050012891108029034,-0.24442832376121587,4.1696615716565544e-7
10a_iliSum_v1-3,_ilinDt_Octfit_span0.4_degree2,999,2017-09-16,40,error,normal,0.13477929314400047,0.15228832258510083,-0.16476138445591493,0.1350302479837899,0.4327376270900098,0.13563946610963565,1.941350304772354e-5
10a_iliSum_v1-3,_ilinDt_Octfit_span0.4_degree2,999,2017-09-16,41,error,normal,-0.20155609892570506,0.19113369234568447,-0.5774489457195284,-0.20135671702093552,0.1729512347210353,-0.20082060745457259,7.096654788847547e-6
10a_iliSum_v1-3,_ilinDt_Octfit_span0.4_degree2,999,2017-09-16,42,error,normal,-0.04975735800044156,0.16111465839777467,-0.36726236291154113,-0.049187541186338966,0.2646424324495407,-0.04772291989749669,1.174700044254812e-5
10a_iliSum_v1-3,_ilinDt_Octfit_span0.4_degree2,999,2017-09-16,43,error,normal,-0.03548876169443294,0.13988456340338684,-0.3101567210455562,-0.03551862245662458,0.23906978376147542,-0.035545079628873454,3.9401653107139765e-6
10a_iliSum_v1-3,_ilinDt_Octfit_span0.4_degree2,999,2017-09-16,44,error,normal,0.05729120315912972,0.14370291847957284,-0.22540686681266262,0.05743159715805573,0.3389358923288526,0.05774520877290823,3.1224651000536733e-6
10a_iliSum_v1-3,_ilinDt_Octfit_span0.4_degree2,999,2017-09-16,45,error,normal,0.5065483236304582,0.15857012323222283,0.19599450243586347,0.5062376279765785,0.8185475970170241,0.5055889541844858,1.368792172896089e-5
10a_iliSum_v1-3,_ilinDt_Octfit_span0.4_degree2,999,2017-09-16,46,error,normal,0.13798305704110808,0.15675055797418294,-0.16898801113168876,0.13770018776685986,0.4461207347766509,0.13699402844991967,1.589609723574443e-5
10a_iliSum_v1-3,_ilinDt_Octfit_span0.4_degree2,999,2017-09-16,47,error,normal,-0.17921719926906782,0.14546947764959553,-0.4650927088493031,-0.1791892731324802,0.10619020724759126,-0.17914182351058558,2.928937251072024e-7
10a_iliSum_v1-3,_ilinDt_Octfit_span0.4_degree2,999,2017-09-16,48,error,normal,0.1172280719976424,0.14412933447770876,-0.16573346850845516,0.1171603089749165,0.4002557194489198,0.11701105144764529,6.597220657547848e-7
10a_iliSum_v1-3,_ilinDt_Octfit_span0.4_degree2,999,2017-09-16,49,error,normal,-0.06462773810878406,0.17163312737374226,-0.40162667137510655,-0.06469987492463884,0.2724278939491089,-0.06486952149180608,6.882779918532933e-6
10a_iliSum_v1-3,_ilinDt_Octfit_span0.4_degree2,999,2017-09-16,50,error,normal,0.03018839417073775,0.1492309345190987,-0.2629823606914656,0.030189365082049766,0.3230624170074084,0.030211279607373194,1.6541690963341247e-7
10a_iliSum_v1-3,_ilinDt_Octfit_span0.4_degree2,999,2017-09-16,51,error,normal,0.35468871152598236,0.14192245827449376,0.07601573778075998,0.3546478904052338,0.6332739243437921,0.35456543271230867,1.797962314855592e-6
10a_iliSum_v1-3,_ilinDt_Octfit_span0.4_degree2,999,2017-09-16,52,error,normal,-0.08447526942124842,0.17251885366103129,-0.4229957368295564,-0.08462523558312864,0.25451654853136774,-0.08493122545840773,4.733904694075334e-7
10a_iliSum_v1-3,_ilinDt_Octfit_span0.4_degree2,999,2017-09-16,53,error,normal,0.006950395996895331,0.13687400704840882,-0.2618565947619714,0.006918770020130863,0.2756651509563869,0.006866720361943927,5.174387018711717e-7
10a_iliSum_v1-3,_ilinDt_Octfit_span0.4_degree2,999,2017-09-16,54,error,normal,0.4481386977451912,0.14123192174300297,0.17056297290772915,0.44818436930554295,0.7251715988541869,0.44829344878367183,2.1692084874301186e-6
10a_iliSum_v1-3,_ilinDt_Octfit_span0.4_degree2,999,2017-09-16,55,error,normal,0.38432721797491187,0.14551879695417425,0.09834921079731163,0.38436530408502767,0.6698388955443217,0.38445979151560405,3.5856643364579836e-6
10a_iliSum_v1-3,_ilinDt_Octfit_span0.4_degree2,999,2017-09-16,56,error,normal,0.06557328707568276,0.1492591566602254,-0.2279232709898033,0.06567796531872024,0.3581805065968007,0.06590536267701604,6.6076543385437685e-6
10a_iliSum_v1-3,_ilinDt_Octfit_span0.4_degree2,999,2017-09-16,57,error,normal,-0.24871495852111133,0.14705082704975117,-0.53738664052501794,-0.2487854310847846,0.04010528349226253,-0.24890958510780428,7.1882963489894575e-6
10a_iliSum_v1-3,_ilinDt_Octfit_span0.4_degree2,999,2017-09-16,58,error,normal,-0.12340577041202987,0.14830287564573644,-0.4151855308074861,-0.12324472042115557,0.1671620343208634,-0.12291675544381564,6.493877330030331e-6
10a_iliSum_v1-3,_ilinDt_Octfit_span0.4_degree2,999,2017-09-16,59,error,normal,-0.11231619934048183,0.14864451402326934,-0.40350205567228725,-0.11257574758380914,0.17991704246448378,-0.11318930548515083,3.7741706466437965e-6
10a_iliSum_v1-3,_ilinDt_Octfit_span0.4_degree2,999,2017-09-16,60,error,normal,-0.02677595122138692,0.14037844935928367,-0.30248176012657474,-0.0267999064720874,0.2487802563392431,-0.026831768034689788,3.0052108386063826e-7
10a_iliSum_v1-3,_ilinDt_Octfit_span0.4_degree2,999,2017-09-16,61,error,normal,-0.06769649961440957,0.1433111296213393,-0.349141522402854,-0.06772884632191702,0.2136182618754468,-0.06779346058689745,4.4829713803277256e-7
10a_iliSum_v1-3,_ilinDt_Octfit_span0.4_degree2,999,2017-09-16,62,error,normal,-0.09873841662411059,0.14227887526616,-0.37823852768074095,-0.09873034524130564,0.18044748061497143,-0.0986793343553908,5.769160488597758e-7
10a_iliSum_v1-3,_ilinDt_Octfit_span0.4_degree2,999,2017-09-16,63,error,normal,0.28278767317538284,0.14861504151039676,-0.008815893893005466,0.28266867701850706,0.5747660564851018,0.28245299820991804,4.893660739709428e-7
10a_iliSum_v1-3,_ilinDt_Octfit_span0.4_degree2,999,2017-09-16,64,error,normal,-0.24877489302780695,0.1555414789263693,-0.553727497163399,-0.24893762975890232,0.05678260519767456,-0.24921579371653463,7.79973888905e-6
10a_iliSum_v1-3,_ilinDt_Octfit_span0.4_degree2,999,2017-09-16,65,error,normal,-0.38034877970717024,0.1660179720207671,-0.7061388283593455,-0.38036407286523694,-0.05483355393379591,-0.3805089642600235,2.273388642896601e-5
10a_iliSum_v1-3,_ilinDt_Octfit_span0.4_degree2,999,2017-09-16,66,error,normal,0.23552910117654458,0.14771038581611168,-0.05492114949236329,0.23563892619299248,0.5250687743860193,0.23587800733713896,6.330451224347934e-6
10a_iliSum_v1-3,_ilinDt_Octfit_span0.4_degree2,999,2017-09-16,67,error,normal,-0.4239349182682346,0.15195232072315898,-0.722392864048857,-0.423954647422771,-0.12564596239256193,-0.42399150656934875,4.970000148923545e-6
10a_iliSum_v1-3,_ilinDt_Octfit_span0.4_degree2,999,2017-09-16,68,error,normal,-0.5056655117054893,0.18150677524249714,-0.8609328452969851,-0.5061262584638158,-0.14826417641477052,-0.507113120422923,4.236366049726627e-6
10a_iliSum_v1-3,_ilinDt_Octfit_span0.4_degree2,999,2017-09-16,69,error,normal,-0.166293190596719,0.14831930705709034,-0.4574943754912334,-0.16635856757798528,0.12495774348314098,-0.16649407519154497,4.986190138163416e-7
10a_iliSum_v1-3,_ilinDt_Octfit_span0.4_degree2,999,2017-09-16,70,error,normal,0.013135978491838844,0.1460774065202346,-0.2739077707107664,0.01316299225867711,0.2997715754753991,0.013218453173811685,7.161294412854171e-6
10a_iliSum_v1-3,_ilinDt_Octfit_span0.4_degree2,999,2017-09-16,71,error,normal,0.4649247209947709,0.1753887709308998,0.12202134324983688,0.4643905321195629,0.8102419033744491,0.46310341336868965,9.859350586703387e-6
10a_iliSum_v1-3,_ilinDt_Octfit_span0.4_degree2,999,2017-09-16,72,error,normal,-0.2789224236884343,0.1417922124687701,-0.5575785888325878,-0.27889050996606446,-7.447957502642044e-4,-0.2788342274094273,5.379021118845405e-7
10a_iliSum_v1-3,_ilinDt_Octfit_span0.4_degree2,999,2017-09-16,73,error,normal,0.17163319265525773,0.14040565396791607,-0.10430993977120201,0.17167817295907342,0.4470504158988875,0.17179556675140412,1.749660654657418e-6
10a_iliSum_v1-3,_ilinDt_Octfit_span0.4_degree2,999,2017-09-16,74,error,normal,0.17227115530446926,0.14490371548486858,-0.11264942001604664,0.1723664837115674,0.4563429586282166,0.17255788970851701,2.887863501508552e-6
10a_iliSum_v1-3,_ilinDt_Octfit_span0.4_degree2,999,2017-09-16,75,error,normal,-0.27880303607205803,0.13821857926745998,-0.5500414305657018,-0.2789095862525825,-0.007274955395215499,-0.27913976380057776,9.324713805659933e-7
10a_iliSum_v1-3,_ilinDt_Octfit_span0.4_degree2,999,2017-09-16,76,error,normal,0.10446216064529978,0.14750439198752446,-0.18527559164905655,0.10445074630578087,0.3939323139038011,0.10441198617418296,3.7406800561419484e-7
10a_iliSum_v1-3,_ilinDt_Octfit_span0.4_degree2,999,2017-09-16,77,error,normal,-0.13194392865142102,0.1557734355961479,-0.43830862035391494,-0.13181294722679898,0.17342001545974983,-0.1315507274496046,7.803133291741813e-6
10a_iliSum_v1-3,_ilinDt_Octfit_span0.4_degree2,999,2017-09-16,78,error,normal,0.03881636289872078,0.14314823113197406,-0.24234778184115813,0.03880982498626718,0.3196921473005231,0.03878429945289864,6.778469624969157e-7
10a_iliSum_v1-3,_ilinDt_Octfit_span0.4_degree2,999,2017-09-16,79,error,normal,0.38600520532791704,0.14460002310020134,0.10180979563597187,0.3860643717290424,0.6695850920982419,0.38621143227244314,5.73172538428766e-6
10a_iliSum_v1-3,_ilinDt_Octfit_span0.4_degree2,999,2017-09-16,80,error,normal,-0.3563845273407666,0.1533847463837969,-0.65730847265024,-0.3565204100287742,-0.05504715335077848,-0.35682611336100206,3.132103612041618e-6
10a_iliSum_v1-3,_ilinDt_Octfit_span0.4_degree2,999,2017-09-16,81,error,normal,0.15179158284365835,0.1472900730885848,-0.13767753368072017,0.15184836410109287,0.4406147119454286,0.15195154613667433,8.170443721210651e-7
10a_iliSum_v1-3,_ilinDt_Octfit_span0.4_degree2,999,2017-09-16,82,error,normal,-0.02434258183346851,0.15896130019284355,-0.3367686546444339,-0.02429696262134776,0.2874922379117841,-0.024208941796827595,2.1441165472163072e-7
10a_iliSum_v1-3,_ilinDt_Octfit_span0.4_degree2,999,2017-09-16,83,error,normal,0.29322461961238794,0.14160467583134037,0.01503342891290077,0.29322801794049486,0.571093668423686,0.293214935013031,1.9327321099923207e-6
10a_iliSum_v1-3,_ilinDt_Octfit_span0.4_degree2,999,2017-09-16,84,error,normal,0.01774870265801875,0.14538477162708635,-0.2680323593885192,0.01781603320680321,0.30285563411165717,0.017966595169401127,3.036100330506262e-6
10a_iliSum_v1-3,_ilinDt_Octfit_span0.4_degree2,999,2017-09-16,85,error,normal,0.04387002958210932,0.16287936179298954,-0.27638237547649447,0.04397994508218427,0.36314844350491204,0.04419286601955904,1.1065492144519246e-6
10a_iliSum_v1-3,_ilinDt_Octfit_span0.4_degree2,999,2017-09-16,86,error,normal,0.336732644959666,0.15985123811819515,0.022940208568968612,0.33664643164472036,0.6506682418102626,0.3364630767009947,8.764112477351082e-7
10a_iliSum_v1-3,_ilinDt_Octfit_span0.4_degree2,999,2017-09-16,87,error,normal,-0.37579544211883786,0.1504068899098025,-0.6716436108949431,-0.3755732363076346,-0.08137346170632626,-0.3750157774075301,1.3860830244430432e-5
10a_iliSum_v1-3,_ilinDt_Octfit_span0.4_degree2,999,2017-09-16,88,error,normal,-0.32479689467150574,0.14662741924461778,-0.6134679093924187,-0.32456645771728204,-0.037660825425402,-0.3240485825473215,5.080701029152993e-6
10a_iliSum_v1-3,_ilinDt_Octfit_span0.4_degree2,999,2017-09-16,89,error,normal,-0.3899849593223383,0.18458279143102763,-0.7528220059667751,-0.38991102702869157,-0.027927216719933923,-0.3897520626464946,6.675113062148009e-7
10a_iliSum_v1-3,_ilinDt_Octfit_span0.4_degree2,999,2017-09-16,90,error,normal,-0.603180796511931,0.1601802339619866,-0.9181660367811456,-0.6030790901179162,-0.2890706823812879,-0.6028744041682756,2.6907279069484106e-6
10a_iliSum_v1-3,_ilinDt_Octfit_span0.4_degree2,999,2017-09-16,91,error,normal,0.3701534192650308,0.16106970979544447,0.053170400593346656,0.3703818722860315,0.685555843050268,0.37083636784959,3.01490560830793e-6
10a_iliSum_v1-3,_ilinDt_Octfit_span0.4_degree2,999,2017-09-16,92,error,normal,0.314466730768198,0.13970266808487988,0.040062199369003626,0.31445119069891875,0.5886809592146449,0.314436908138447,2.3944719202507797e-7
10a_iliSum_v1-3,_ilinDt_Octfit_span0.4_degree2,999,2017-09-16,93,error,normal,0.29611187725879673,0.13682542354768146,0.027445739401225577,0.2960627557639276,0.5647700222468608,0.29596168945018775,8.03822798539492e-7
10a_iliSum_v1-3,_ilinDt_Octfit_span0.4_degree2,999,2017-09-16,94,error,normal,0.13561557709569344,0.16906475234891002,-0.1968521330390906,0.1357341601722219,0.46709903938680564,0.13600694579567618,5.750697913764003e-7
10a_iliSum_v1-3,_ilinDt_Octfit_span0.4_degree2,999,2017-09-16,95,error,normal,0.1457301956548812,0.15522112685763015,-0.15981716273858268,0.14594697842178342,0.4497917746203577,0.14642852838725062,1.4237750130146102e-6
10a_iliSum_v1-3,_ilinDt_Octfit_span0.4_degree2,999,2017-09-16,96,error,normal,-0.0038901755387245607,0.14561326040252318,-0.2907294330394611,-0.0035936183777545145,0.28100759206136094,-0.0029854771848423483,1.2340209202085133e-6
10a_iliSum_v1-3,_ilinDt_Octfit_span0.4_degree2,999,2017-09-16,97,error,normal,0.10670287941836085,0.17567616127419233,-0.23827062540645405,0.10664451337502118,0.4516266119834652,0.10651178893133117,1.0115591631398705e-6
10a_iliSum_v1-3,_ilinDt_Octfit_span0.4_degree2,999,2017-09-16,98,error,normal,0.1903648898839336,0.14778096523665876,-0.10015381388679978,0.19043622033291002,0.48018501424993926,0.1905959931682732,2.2111139737142924e-6
10a_iliSum_v1-3,_ilinDt_Octfit_span0.4_degree2,999,2017-09-16,99,error,normal,-0.027747323924510132,0.13830379527147535,-0.29946459252174257,-0.02774512311843566,0.24366922686735318,-0.02774127249974743,3.197810179225713e-7
10a_iliSum_v1-3,_ilinDt_Octfit_span0.4_degree2,999,2017-09-16,100,error,normal,-0.5463340519614841,0.1412621640295298,-0.8237498356057202,-0.546362389215292,-0.26900685717091843,-0.5464006781258226,3.911709621576016e-6
10a_iliSum_v1-3,_ilinDt_Octfit_span0.4_degree2,999,2017-09-16,101,error,normal,-0.02272596440730857,0.15486563006601792,-0.32794937847167815,-0.022362473153765067,0.28023134617481205,-0.021555201411812993,5.433612790172718e-6
10a_iliSum_v1-3,_ilinDt_Octfit_span0.4_degree2,999,2017-09-16,102,error,normal,-0.024353183388596288,0.1485727138030458,-0.316317649740389,-0.02430366840786462,0.2670861714140615,-0.024163382453075893,1.801115266537531e-6
10a_iliSum_v1-3,_ilinDt_Octfit_span0.4_degree2,999,2017-09-16,103,error,normal,0.19465434694357572,0.1444200828572317,-0.08913210157373491,0.1946836351524235,0.47798268937835403,0.19475961717393786,9.70761999309882e-7
10a_iliSum_v1-3,_ilinDt_Octfit_span0.4_degree2,999,2017-09-16,104,error,normal,0.39200621993464185,0.15230171055214986,0.09291750926124487,0.3919705894316383,0.6909717491615408,0.39191200145031063,1.447358959454488e-6
10a_iliSum_v1-3,_ilinDt_Octfit_span0.4_degree2,999,2017-09-16,105,error,normal,-0.02890963414797508,0.13878574473843347,-0.3014273713338817,-0.028952001043202148,0.2435652714424407,-0.029016258859470505,4.694095709452048e-7
10a_iliSum_v1-3,_ilinDt_Octfit_span0.4_degree2,999,2017-09-16,106,error,normal,0.15583882936208,0.13775199606885624,-0.11476324743617047,0.15583121815142154,0.42620517970741,0.15582902467740029,2.7515479277640887e-7
10a_iliSum_v1-3,_ilinDt_Octfit_span0.4_degree2,999,2017-09-16,107,error,normal,0.35963197983112116,0.1457016805898686,0.07363758503837947,0.3595532361568569,0.6457998980721644,0.35941584640201335,3.3682617235276284e-6
10a_iliSum_v1-3,_ilinDt_Octfit_span0.4_degree2,999,2017-09-16,108,error,normal,-0.07763391209652117,0.1411053927928411,-0.3546423224706178,-0.07770488695145504,0.19947030589874415,-0.07785716805965698,9.941856360820111e-7
10a_iliSum_v1-3,_ilinDt_Octfit_span0.4_degree2,999,2017-09-16,109,error,normal,-0.38304984949316356,0.16463625758683412,-0.707176559481995,-0.3827536860683794,-0.06080770292637494,-0.3820513419383489,8.312306400916152e-6
10a_iliSum_v1-3,_ilinDt_Octfit_span0.4_degree2,999,2017-09-16,110,error,normal,-0.004941077584528417,0.1556730314765094,-0.31179857385708093,-0.004506119540812849,0.29946165044434425,-0.0034951010419422943,2.904957172759589e-5
10a_iliSum_v1-3,_ilinDt_Octfit_span0.4_degree2,999,2017-09-16,111,error,normal,-0.06130570372159929,0.1477167884794503,-0.35181833916597816,-0.06118411371452217,0.2282468456446201,-0.06090599245637194,3.32181298956833e-6
10a_iliSum_v1-3,_ilinDt_Octfit_span0.4_degree2,999,2017-09-16,112,error,normal,-0.20878525482468138,0.14627848199763147,-0.4956640050439906,-0.20897504545098422,0.07884285077277581,-0.20933930101921838,9.286594949161177e-7
10a_iliSum_v1-3,_ilinDt_Octfit_span0.4_degree2,999,2017-09-16,113,error,normal,0.03880991526840722,0.15356885619477897,-0.26327648062573467,0.03895091049803468,0.3397989451102008,0.03923506163003598,6.527987248050116e-7
10a_iliSum_v1-3,_ilinDt_Octfit_span0.4_degree2,999,2017-09-16,114,error,normal,-0.6787665060498427,0.14031752867992575,-0.9545935681242905,-0.6787007091494489,-0.40358855744161803,-0.6785836498478716,3.637547641322853e-6
10a_iliSum_v1-3,_ilinDt_Octfit_span0.4_degree2,999,2017-09-16,115,error,normal,0.47101573875056096,0.14976211236694081,0.176866831693478,0.47099407035206137,0.7649755956884267,0.47096208455675526,3.406547432423571e-7
10a_iliSum_v1-3,_ilinDt_Octfit_span0.4_degree2,999,2017-09-16,116,error,normal,-0.15352472957992946,0.1468804424569473,-0.44240481902198425,-0.153402434453231,0.1344255621648113,-0.15315652072158092,9.383000915972215e-6
10a_iliSum_v1-3,_ilinDt_Octfit_span0.4_degree2,999,2017-09-16,117,error,normal,-0.32036558762964124,0.18792986475384832,-0.6897503517869189,-0.32030852675882476,0.048330730730225646,-0.3201820518564542,1.7925701314520036e-6
10a_iliSum_v1-3,_ilinDt_Octfit_span0.4_degree2,999,2017-09-16,118,error,normal,0.40281612412337847,0.1432630024672541,0.12146527897132159,0.4027837039100361,0.6840425089183939,0.40272556542852017,7.540607738904502e-7
10a_iliSum_v1-3,_ilinDt_Octfit_span0.4_degree2,999,2017-09-16,119,error,normal,-0.029929518404784274,0.1371528928904588,-0.29938427302054527,-0.029919908384791912,0.239201273816899,-0.02987534996480416,1.102736960737231e-6
10a_iliSum_v1-3,_ilinDt_Octfit_span0.4_degree2,999,2017-09-16,120,error,normal,-0.22488185762686655,0.13897320299838964,-0.49832429612247636,-0.2247407920784243,0.047490008974644116,-0.22444838514659135,5.054732472187934e-7
10a_iliSum_v1-3,_ilinDt_Octfit_span0.4_degree2,999,2017-09-16,121,error,normal,0.008533621903739337,0.15011234504715115,-0.2862332638123142,0.008485636407570586,0.3032754393793839,0.00838771435942876,2.6481248950446703e-6
10a_iliSum_v1-3,_ilinDt_Octfit_span0.4_degree2,999,2017-09-16,122,error,normal,0.28010993566203485,0.15118858853710113,-0.016865222856268902,0.2800965735334264,0.5768436539836084,0.28008345861310635,1.3209650903097726e-6
10a_iliSum_v1-3,_ilinDt_Octfit_span0.4_degree2,999,2017-09-16,123,error,normal,-0.017682865123396754,0.16655452522322753,-0.345612445765875,-0.01742488918597601,0.30850356605144935,-0.016865317746877703,4.080055529004566e-6
10a_iliSum_v1-3,_ilinDt_Octfit_span0.4_degree2,999,2017-09-16,124,error,normal,-0.20349100056034644,0.1525086221835272,-0.5030560139230967,-0.2035046409547359,0.09585990888740861,-0.20350832242395436,3.0948614651913177e-7
10a_iliSum_v1-3,_ilinDt_Octfit_span0.4_degree2,999,2017-09-16,125,error,normal,0.21511355155511017,0.14808428240963972,-0.077221167442445,0.21567207164333985,0.5041352644054882,0.2168477617898417,2.2727639916020727e-6
10a_iliSum_v1-3,_ilinDt_Octfit_span0.4_degree2,999,2017-09-16,126,error,normal,0.00610139402943843,0.1493569861984779,-0.2879792447253636,0.006361570510724046,0.29847716232217397,0.006941896237527049,1.0160768793465601e-5
10a_iliSum_v1-3,_ilinDt_Octfit_span0.4_degree2,999,2017-09-16,127,error,normal,0.12716025809349044,0.14940677542107464,-0.16601881310178676,0.12705015589186028,0.42061311643611266,0.1267967378929295,2.25289977346608e-6
10a_iliSum_v1-3,_ilinDt_Octfit_span0.4_degree2,999,2017-09-16,128,error,normal,-0.0646982314466711,0.18262341823419534,-0.4207105757628754,-0.06548902066357216,0.29470377643228096,-0.06768238084454328,6.8011249245315125e-6
10a_iliSum_v1-3,_ilinDt_Octfit_span0.4_degree2,999,2017-09-16,129,error,normal,0.22642176383633275,0.14457349203624745,-0.05749952768839672,0.22639033506320033,0.5102109404269968,0.22632754919514242,3.498894965733683e-7
10a_iliSum_v1-3,_ilinDt_Octfit_span0.4_degree2,999,2017-09-16,130,error,normal,0.3353537570751809,0.14604892285282112,0.04887095462776553,0.3352061564224318,0.622348207930884,0.33493150638342245,2.0983736824281465e-6
10a_iliSum_v1-3,_ilinDt_Octfit_span0.4_degree2,999,2017-09-16,131,error,normal,0.24002795912438782,0.1443299695335456,-0.04362882003538093,0.24006658282026272,0.5231866814095145,0.2401372185838985,3.351323382272067e-6
10a_iliSum_v1-3,_ilinDt_Octfit_span0.4_degree2,999,2017-09-16,132,error,normal,0.21022675843704003,0.14154988573470487,-0.06764654092272815,0.2101793520580436,0.4880843764217384,0.21011762073088988,5.24813872107048e-6
10a_iliSum_v1-3,_ilinDt_Octfit_span0.4_degree2,999,2017-09-16,133,error,normal,-0.011952224663952881,0.15341591172712252,-0.31476451750838874,-0.011384368965100923,0.2874619629762044,-0.010197896647410155,1.3953094207147e-6
10a_iliSum_v1-3,_ilinDt_Octfit_span0.4_degree2,999,2017-09-16,134,error,normal,0.006181052035833872,0.1419638343471169,-0.2739074107378719,0.006576878691922688,0.28380978778173127,0.007392644605270473,1.019597875397463e-6
10a_iliSum_v1-3,_ilinDt_Octfit_span0.4_degree2,999,2017-09-16,135,error,normal,-0.2597771218588758,0.15034708752507728,-0.5544937374683545,-0.25999911964948164,0.0358165303615503,-0.2604478462189315,8.480869912749813e-6
10a_iliSum_v1-3,_ilinDt_Octfit_span0.4_degree2,999,2017-09-16,136,error,normal,-0.09700846245486948,0.14749927570431504,-0.38734347755197684,-0.09681437944150457,0.1919476848632953,-0.09641579277997475,4.4547457995103464e-7
10a_iliSum_v1-3,_ilinDt_Octfit_span0.4_degree2,999,2017-09-16,137,error,normal,0.5558038649451166,0.1754468684878571,0.21146566217154272,0.55569774152670115,0.9003705765612056,0.5555173510232547,2.2881786785723473e-6
10a_iliSum_v1-3,_ilinDt_Octfit_span0.4_degree2,999,2017-09-16,138,error,normal,-0.3537972858798355,0.14783071179189644,-0.643591413572737,-0.35400553079035185,-0.06314694873731336,-0.35439875926495257,5.238747956776775e-7
10a_iliSum_v1-3,_ilinDt_Octfit_span0.4_degree2,999,2017-09-16,139,error,normal,0.056034993192886066,0.1862289788992222,-0.3100833687422226,0.05612078576719183,0.4212892323992468,0.05629687124422336,5.749345348736792e-7
10a_iliSum_v1-3,_ilinDt_Octfit_span0.4_degree2,999,2017-09-16,140,error,normal,0.21602697760844167,0.1409485270628203,-0.060899339743135245,0.21603252035656198,0.4926494476642693,0.21605236282333826,1.398054386594433e-6
10a_iliSum_v1-3,_ilinDt_Octfit_span0.4_degree2,999,2017-09-16,141,error,normal,0.21025191433194265,0.1407041012877472,-0.06645994081088133,0.21035214905838143,0.48613087288559453,0.21055304232852434,1.6981184055548477e-6
10a_iliSum_v1-3,_ilinDt_Octfit_span0.4_degree2,999,2017-09-16,142,error,normal,0.43320374371682546,0.15416460084304573,0.13009806753172565,0.4332809816355034,0.735584905235715,0.4334382534008825,3.2019951015758866e-6
10a_iliSum_v1-3,_ilinDt_Octfit_span0.4_degree2,999,2017-09-16,143,error,normal,-0.05446659326632532,0.15425438996889548,-0.3577325272542573,-0.05438678507413325,0.2480569317897441,-0.054199420046002984,3.9682979546649825e-7
10a_iliSum_v1-3,_ilinDt_Octfit_span0.4_degree2,999,2017-09-16,144,error,normal,-0.12389408042061698,0.14483744699822024,-0.4085513286546828,-0.1238426925917394,0.16017864525307726,-0.12372133781500373,4.5585253644987234e-6
10a_iliSum_v1-3,_ilinDt_Octfit_span0.4_degree2,999,2017-09-16,145,error,normal,0.41047248959924687,0.16849984539282048,0.07911231030067706,0.410600664513461,0.7407941076075131,0.41089488542490527,3.076060593049725e-6
10a_iliSum_v1-3,_ilinDt_Octfit_span0.4_degree2,999,2017-09-16,146,error,normal,-0.0012992335409878757,0.13609167396587374,-0.2683516394931745,-0.001406166428189202,0.2660945264403765,-0.0016207952208284675,4.890560432705027e-6
10a_iliSum_v1-3,_ilinDt_Octfit_span0.4_degree2,999,2017-09-16,147,error,normal,-0.31963843693254473,0.13716129702785626,-0.5889526590643285,-0.31968977884906,-0.050302521294281644,-0.31978922027646284,2.4005047478865035e-6
10a_iliSum_v1-3,_ilinDt_Octfit_span0.4_degree2,999,2017-09-16,148,error,normal,0.14321030497628529,0.14657178480359037,-0.1443991363576045,0.14308367521645107,0.43126520713938943,0.1428467780647207,6.070638573799092e-6
10a_iliSum_v1-3,_ilinDt_Octfit_span0.4_degree2,999,2017-09-16,149,error,normal,0.18670604880481376,0.1466402191183449,-0.10121880298669517,0.18665062746924568,0.4746108558600125,0.18652840577957047,3.5679200230219607e-7
10a_iliSum_v1-3,_ilinDt_Octfit_span0.4_degree2,999,2017-09-16,150,error,normal,-0.23127718103753017,0.14888929484028676,-0.5234128553055852,-0.23140557048829238,0.06128513641052627,-0.23166272972862048,2.814737160390608e-6
10a_iliSum_v1-3,_ilinDt_Octfit_span0.4_degree2,999,2017-09-16,151,error,normal,0.19755474520037197,0.13705071887331965,-0.07178711676393018,0.19759021344551053,0.46641397438182197,0.19766703543535946,3.671540423029799e-7
10a_iliSum_v1-3,_ilinDt_Octfit_span0.4_degree2,999,2017-09-16,152,error,normal,0.2562532539132883,0.14822510708463058,-0.03573014266994878,0.2565306439771172,0.5464354172521876,0.2571363252653454,1.067349906662369e-6
10a_iliSum_v1-3,_ilinDt_Octfit_span0.4_degree2,999,2017-09-16,153,error,normal,0.10899179132408417,0.14462090405613662,-0.17712161389945108,0.10970732682327757,0.39098905353197605,0.11121017745256516,1.3010720196994268e-5
10a_iliSum_v1-3,_ilinDt_Octfit_span0.4_degree2,999,2017-09-16,154,error,normal,-0.23892859467924268,0.14824319131635774,-0.5303296246639093,-0.23886640364642847,0.0518507050325977,-0.23872142920671421,8.823827936269111e-7
10a_iliSum_v1-3,_ilinDt_Octfit_span0.4_degree2,999,2017-09-16,155,error,normal,-0.17317054953751546,0.14090385031056255,-0.4493494606708513,-0.1733710538283923,0.10384050287008362,-0.17374461545433217,7.843118913517595e-7
10a_iliSum_v1-3,_ilinDt_Octfit_span0.4_degree2,999,2017-09-16,156,error,normal,0.05118943933991495,0.142912625311264,-0.23014664375890762,0.05139244519792281,0.33114076992016117,0.05180465598256869,4.433251399071512e-6
10a_iliSum_v1-3,_ilinDt_Octfit_span0.4_degree2,999,2017-09-16,157,error,normal,0.22158031021461522,0.15072041638784273,-0.07437691632475235,0.22153279409136287,0.5174817905728146,0.22145547490668988,2.2346752072801353e-6
10a_iliSum_v1-3,_ilinDt_Octfit_span0.4_degree2,999,2017-09-16,158,error,normal,-0.36342888453623684,0.16351793191724845,-0.686317888477724,-0.36278063804605976,-0.044308102512734204,-0.36141915005449715,1.7755375804554415e-5
10a_iliSum_v1-3,_ilinDt_Octfit_span0.4_degree2,999,2017-09-16,159,error,normal,-0.08078428253072327,0.15915697438647727,-0.39334576541548716,-0.08081388274434724,0.23158913276868168,-0.08086836098404167,3.1794184491950445e-6
10a_iliSum_v1-3,_ilinDt_Octfit_span0.4_degree2,999,2017-09-16,160,error,normal,0.3692374330098323,0.14541562252840176,0.08324561544410347,0.36933436499939354,0.6544438818880733,0.369543607723615,6.973626576143877e-6
10a_iliSum_v1-3,_ilinDt_Octfit_span0.4_degree2,999,2017-09-16,161,error,normal,-0.06564897454953898,0.14789010896515986,-0.3566124875764796,-0.06549360532970398,0.22417220261784593,-0.06514716146631258,2.297350481310161e-6
10a_iliSum_v1-3,_ilinDt_Octfit_span0.4_degree2,999,2017-09-16,162,error,normal,0.27226447498913253,0.14167895895154858,-0.00595941443818121,0.27222756580136165,0.5504146962014548,0.2721758233112862,2.637895500637506e-7
10a_iliSum_v1-3,_ilinDt_Octfit_span0.4_degree2,999,2017-09-16,163,error,normal,-0.26598666514406627,0.15596549907573326,-0.5722748250831854,-0.2660312311563092,0.04022263103866608,-0.2661219125174362,6.45821109166464e-7
10a_iliSum_v1-3,_ilinDt_Octfit_span0.4_degree2,999,2017-09-16,164,error,normal,0.17668797284653714,0.15188595791365017,-0.12249823744605456,0.1770110685981164,0.4737976393041856,0.1776694903157759,2.126235799809826e-6
10a_iliSum_v1-3,_ilinDt_Octfit_span0.4_degree2,999,2017-09-16,165,error,normal,0.3173217507508849,0.17551016922075655,-0.027211076246189125,0.3172373441430112,0.6619733883664591,0.31710251430301994,6.720831660882295e-7
10a_iliSum_v1-3,_ilinDt_Octfit_span0.4_degree2,999,2017-09-16,166,error,normal,-0.5783549417996148,0.1399450128162754,-0.8534973790493173,-0.5782824802134026,-0.30389321326479507,-0.5781387196113786,1.997793018302502e-6
10a_iliSum_v1-3,_ilinDt_Octfit_span0.4_degree2,999,2017-09-16,167,error,normal,-0.03228964307860286,0.13880201012171617,-0.30484742409101817,-0.032332704016386694,0.24023804722020653,-0.032406619180627434,7.721044357799148e-7
10a_iliSum_v1-3,_ilinDt_Octfit_span0.4_degree2,999,2017-09-16,168,error,normal,0.31347836463591255,0.1464410054856021,0.025409232388410585,0.31361202554802914,0.6004880395082064,0.31387934811139673,1.4667170149990397e-6
10a_iliSum_v1-3,_ilinDt_Octfit_span0.4_degree2,999,2017-09-16,169,error,normal,0.28778206277175916,0.14084633892593726,0.010912804678273158,0.2878498003175335,0.5639766002992567,0.2879800310770995,6.326842289980893e-7
10a_iliSum_v1-3,_ilinDt_Octfit_span0.4_degree2,999,2017-09-16,170,error,normal,0.34493452481187653,0.14240429930032678,0.06333732495147476,0.3456009054606358,0.6226480873484104,0.3469914226394455,4.581263071699762e-6
10a_iliSum_v1-3,_ilinDt_Octfit_span0.4_degree2,999,2017-09-16,171,error,normal,-1.2268030677390254,0.166966832194156,-1.554430677890446,-1.2269440205106712,-0.8986901986272979,-1.2272129261236502,5.029742654850325e-6
10a_iliSum_v1-3,_ilinDt_Octfit_span0.4_degree2,999,2017-09-16,172,error,normal,-0.13615834013401587,0.2259156795845221,-0.580425036428543,-0.13608289195727755,0.30719170659275374,-0.1359399334049536,2.6054422163813854e-6
10a_iliSum_v1-3,_ilinDt_Octfit_span0.4_degree2,999,2017-09-16,173,error,normal,-0.18344844848164377,0.15887280015547722,-0.4953365571485865,-0.18352355950395818,0.12849648821517154,-0.18368166922224835,1.1485698512175065e-6
10a_iliSum_v1-3,_ilinDt_Octfit_span0.4_degree2,999,2017-09-16,174,error,normal,-0.1299958791339596,0.16719352068707888,-0.4585282121612899,-0.12997218242800898,0.1980592355181176,-0.12991831591103253,3.8028828601557657e-7
10a_iliSum_v1-3,_ilinDt_Octfit_span0.4_degree2,999,2017-09-16,175,error,normal,0.03730809140636261,0.14908787632716483,-0.25504437144703934,0.03713306188617427,0.33027128102554565,0.036744385187181997,7.514400331232272e-7
10a_iliSum_v1-3,_ilinDt_Octfit_span0.4_degree2,999,2017-09-16,176,error,normal,0.3880892013875807,0.18444033408034075,0.025210810636898062,0.388361169488091,0.7490807741213057,0.38890249685548167,1.704565362310186e-6
10a_iliSum_v1-3,_ilinDt_Octfit_span0.4_degree2,999,2017-09-16,177,error,normal,0.17754903352092802,0.1440480289503141,-0.10565290243925396,0.17763465913688237,0.4599783732797912,0.17782283012639605,4.743430968269039e-6
10a_iliSum_v1-3,_ilinDt_Octfit_span0.4_degree2,999,2017-09-16,178,error,normal,-0.44475597654686205,0.14098235964460937,-0.721741165453049,-0.44474838358430097,-0.16806490935363017,-0.44471120174417905,2.075645787161305e-6
10a_iliSum_v1-3,_ilinDt_Octfit_span0.4_degree2,999,2017-09-16,179,error,normal,-0.05147911625251996,0.1411036431750404,-0.328603929058462,-0.05150710392421876,0.2255289582974673,-0.05155535287522663,1.5184959625884299e-6
10a_iliSum_v1-3,_ilinDt_Octfit_span0.4_degree2,999,2017-09-16,180,error,normal,-0.311931240428672,0.13618862922762948,-0.5796024647484335,-0.31188366846187915,-0.0447899030081883,-0.31176327144583577,8.309274698204577e-7
10a_iliSum_v1-3,_ilinDt_Octfit_span0.4_degree2,999,2017-09-16,181,error,normal,0.24304536702724544,0.14807558530798604,-0.04810211174698778,0.24312384980542295,0.5334517145837997,0.2432900746702452,5.084567788648164e-7
10a_iliSum_v1-3,_ilinDt_Octfit_span0.4_degree2,999,2017-09-16,182,error,normal,0.48388456250478024,0.14754476250266949,0.19397117759242472,0.4839044536385074,0.7733877530481603,0.48395803914481395,3.594522160519189e-7
10a_iliSum_v1-3,_ilinDt_Octfit_span0.4_degree2,999,2017-09-16,183,error,normal,0.37900374078674576,0.14629676645450018,0.09242605461796954,0.3787145117042475,0.6668147265575817,0.378065502743102,2.733390099217241e-6
10a_iliSum_v1-3,_ilinDt_Octfit_span0.4_degree2,999,2017-09-16,184,error,normal,0.27933786324508914,0.14732367143917424,-0.009656807172836235,0.27918348804690596,0.5688712354003256,0.27884788356989765,2.4601642150095648e-6
10a_iliSum_v1-3,_ilinDt_Octfit_span0.4_degree2,999,2017-09-16,185,error,normal,0.3965217524869378,0.15427080226422055,0.09385570505545093,0.3964159529939591,0.6994084721029346,0.3961276633910386,5.702539151709993e-6
10a_iliSum_v1-3,_ilinDt_Octfit_span0.4_degree2,999,2017-09-16,186,error,normal,0.2715186592788446,0.13821733135133016,-1.6502946401164564e-4,0.2715842286198313,0.5425419795479283,0.27169103521592386,2.299273989133288e-6
10a_iliSum_v1-3,_ilinDt_Octfit_span0.4_degree2,999,2017-09-16,187,error,normal,-0.31296123666389547,0.15825023206098582,-0.623821351930455,-0.3129564945460593,-0.002489912019616347,-0.3129687892252195,5.480377970378068e-7
10a_iliSum_v1-3,_ilinDt_Octfit_span0.4_degree2,999,2017-09-16,188,error,normal,-0.06925924487114853,0.1385495264987417,-0.34140562688658266,-0.06927393618458996,0.20268643094761224,-0.06929382932202902,2.1061210413948262e-7
10a_iliSum_v1-3,_ilinDt_Octfit_span0.4_degree2,999,2017-09-16,189,error,normal,-0.20731786630539772,0.1393132131049932,-0.48100608950077156,-0.20731738655049067,0.0660839738692019,-0.20732803612453568,2.371181229187156e-6
10a_iliSum_v1-3,_ilinDt_Octfit_span0.4_degree2,999,2017-09-16,190,error,normal,-1.1182129936283152,0.17476648175811013,-1.4614570397425761,-1.118256194032773,-0.7751039123634096,-1.11837016961317,3.228586884581057e-6
10a_iliSum_v1-3,_ilinDt_Octfit_span0.4_degree2,999,2017-09-16,191,error,normal,0.2573630950869184,0.1579411782301565,-0.05211520546076426,0.2571338186143266,0.5676457152019615,0.2565483617944827,1.5625013133504064e-6
10a_iliSum_v1-3,_ilinDt_Octfit_span0.4_degree2,999,2017-09-16,192,error,normal,0.3047283824767393,0.1450649422078005,0.019158597637542407,0.30496952111382675,0.5886522349241619,0.30545318252359227,1.3093869536809138e-6
10a_iliSum_v1-3,_ilinDt_Octfit_span0.4_degree2,999,2017-09-16,193,error,normal,-0.19235977215060202,0.14345425389730607,-0.4726074214054655,-0.1928669416514995,0.09021212904419984,-0.19409885902768012,9.516425373321143e-6
10a_iliSum_v1-3,_ilinDt_Octfit_span0.4_degree2,999,2017-09-16,194,error,normal,-0.39246827780341437,0.14304724054501874,-0.6719368843016172,-0.3929815697513386,-0.11050132962775716,-0.39412192157451836,1.3775168067788388e-5
10a_iliSum_v1-3,_ilinDt_Octfit_span0.4_degree2,999,2017-09-16,195,error,normal,0.07717542574837703,0.1428105754523923,-0.2037474521452816,0.07731834107668345,0.3570452556679714,0.07760024684990599,6.87942624307843e-6
10a_iliSum_v1-3,_ilinDt_Octfit_span0.4_degree2,999,2017-09-16,196,error,normal,0.27890096614175325,0.16051530556866045,-0.033327448497135315,0.27792557906280435,0.5956371164236123,0.2754103756941145,7.525937310642601e-6
10a_iliSum_v1-3,_ilinDt_Octfit_span0.4_degree2,999,2017-09-16,197,error,normal,0.2941498327153021,0.1383602406815424,0.022160010773046634,0.2942144958015263,0.5655107665593493,0.2943343741803087,4.468800813157471e-6
10a_iliSum_v1-3,_ilinDt_Octfit_span0.4_degree2,999,2017-09-16,198,error,normal,-0.2200290708818494,0.14372728422466563,-0.5024434981486028,-0.22001087785407197,0.0619851033989145,-0.21996986057425777,2.457065035122775e-7
10a_iliSum_v1-3,_ilinDt_Octfit_span0.4_degree2,999,2017-09-16,199,error,normal,-0.7776162614525585,0.13677033291219967,-1.0463922250779905,-0.77758969987211,-0.5092764193362808,-0.7775293617314241,7.404490858501278e-7
10a_iliSum_v1-3,_ilinDt_Octfit_span0.4_degree2,999,2017-09-16,200,error,normal,0.10089602916722575,0.14449325262017912,-0.18331157247230606,0.10102089697238237,0.38413921679931873,0.10126350883344314,5.954772950108559e-6
10a_iliSum_v1-3,_ilinDt_Octfit_span0.4_degree2,999,2017-09-16,201,error,normal,-0.1646196686672385,0.1477672003179256,-0.45356668098345665,-0.1650158269484275,0.12602104146530216,-0.16603000011224803,8.456377894227305e-6
10a_iliSum_v1-3,_ilinDt_Octfit_span0.4_degree2,999,2017-09-16,202,error,normal,-0.2270330743599359,0.13986878492518767,-0.5017502613330764,-0.22704964426937874,0.04747642405363614,-0.22710923848620718,2.9331076765555454e-6
10a_iliSum_v1-3,_ilinDt_Octfit_span0.4_degree2,999,2017-09-16,203,error,normal,-0.05018090829865139,0.14748915455023306,-0.33964182521780256,-0.05019719165662902,0.2389556983663278,-0.050356035731578555,4.781687548983818e-6
10a_iliSum_v1-3,_ilinDt_Octfit_span0.4_degree2,999,2017-09-16,204,error,normal,0.5771525734341356,0.1534773713401836,0.27715122937171915,0.5766517272719178,0.8794276172760107,0.5754725737020097,3.4911981213496188e-6
10a_iliSum_v1-3,_ilinDt_Octfit_span0.4_degree2,999,2017-09-16,205,error,normal,0.4463276540362925,0.1559505520523845,0.13998993263457632,0.4464210215087511,0.7517433166791196,0.44653711746560953,1.4885962210191804e-6
10a_iliSum_v1-3,_ilinDt_Octfit_span0.4_degree2,999,2017-09-16,206,error,normal,0.30828284940900375,0.14753001035830765,0.01713133300304981,0.30874699234818126,0.5966176463593205,0.3097006801005354,4.938014784976695e-6
10a_iliSum_v1-3,_ilinDt_Octfit_span0.4_degree2,999,2017-09-16,207,error,normal,0.4613629855627409,0.15128554582185205,0.16384991991100706,0.4614852324260175,0.7578519950469464,0.46170382734291093,5.407077022904247e-7
10a_iliSum_v1-3,_ilinDt_Octfit_span0.4_degree2,999,2017-09-16,208,error,normal,0.30705175497639176,0.16115962511828297,-0.009197355916640892,0.30695483783579297,0.6235293532697581,0.3068030369524583,1.0304124831789154e-6
10a_iliSum_v1-3,_ilinDt_Octfit_span0.4_degree2,999,2017-09-16,209,error,normal,0.16406636278498754,0.14938342333603694,-0.1295579187770177,0.16411638323453742,0.4570996516193786,0.16422136762639444,3.28175464437753e-7
10a_iliSum_v1-3,_ilinDt_Octfit_span0.4_degree2,999,2017-09-16,210,error,normal,0.024255464593680696,0.1390379293993817,-0.24907027513959187,0.02431876062836728,0.2969277321714422,0.024429340380598477,9.972312244035334e-7
10a_iliSum_v1-3,_ilinDt_Octfit_span0.4_degree2,999,2017-09-16,211,error,normal,0.020338907808118114,0.15376958882238664,-0.281754862206063,0.020338422103563725,0.32210484831490865,0.020323480443870293,6.269161936566035e-7
10a_iliSum_v1-3,_ilinDt_Octfit_span0.4_degree2,999,2017-09-16,212,error,normal,0.6706273502822493,0.1388842562470785,0.39748764749817705,0.6707240129400475,0.9429381169620445,0.6709204919759078,3.044953368122735e-7
10a_iliSum_v1-3,_ilinDt_Octfit_span0.4_degree2,999,2017-09-16,213,error,normal,-0.21643873980219971,0.14289113393131164,-0.495520507321789,-0.21698168623549555,0.06524931733659514,-0.21821718089697872,1.06553319277887e-5
10a_iliSum_v1-3,_ilinDt_Octfit_span0.4_degree2,999,2017-09-16,214,error,normal,0.3364845359522647,0.1352920105964522,0.07042898086308302,0.3365804481173795,0.6017155519574968,0.3367749314488328,2.060577759620952e-6
10a_iliSum_v1-3,_ilinDt_Octfit_span0.4_degree2,999,2017-09-16,215,error,normal,0.16641093562125137,0.14829277729681606,-0.1251828569767516,0.16655891317728855,0.4568445561799086,0.16681904480108573,1.3394182499688336e-6
10a_iliSum_v1-3,_ilinDt_Octfit_span0.4_degree2,999,2017-09-16,216,error,normal,-1.0638313476912142,0.13798581086310896,-1.3349025266432477,-1.0638353181317461,-0.7930123995551672,-1.063849468664936,2.365549422753165e-6
10a_iliSum_v1-3,_ilinDt_Octfit_span0.4_degree2,999,2017-09-16,217,error,normal,-0.14231454360071574,0.16237123388866062,-0.4613045679812914,-0.14231419973091228,0.17634336408016288,-0.14230827286086734,4.1592294101679985e-7
10a_iliSum_v1-3,_ilinDt_Octfit_span0.4_degree2,999,2017-09-16,218,error,normal,-0.084511385635194,0.1620971861006265,-0.4020295323899618,-0.08479129969414162,0.23411869532168578,-0.08548200892315845,6.48542218486609e-6
10a_iliSum_v1-3,_ilinDt_Octfit_span0.4_degree2,999,2017-09-16,219,error,normal,0.4056636538066128,0.14507588983369582,0.11993141688850634,0.4059301044816535,0.6896197323335714,0.4064788068433447,1.528236038244007e-6
10a_iliSum_v1-3,_ilinDt_Octfit_span0.4_degree2,999,2017-09-16,220,error,normal,0.3237111417502141,0.15105605823543627,0.027351938383086194,0.3236636377640881,0.6198886031031177,0.3234469964910722,1.4070110765274264e-6
10a_iliSum_v1-3,_ilinDt_Octfit_span0.4_degree2,999,2017-09-16,221,error,normal,-0.02250901430499395,0.14124974871877222,-0.2998048680858852,-0.022571958464269355,0.25481132687780395,-0.022708529156833527,1.333812609421493e-6
10a_iliSum_v1-3,_ilinDt_Octfit_span0.4_degree2,999,2017-09-16,222,error,normal,0.443410847025026,0.17828083690116459,0.09318017893205155,0.4434098944320746,0.7932834466244775,0.4434330433296062,7.937826663548123e-7
10a_iliSum_v1-3,_ilinDt_Octfit_span0.4_degree2,999,2017-09-16,223,error,normal,-0.2715110101191042,0.14205645114921434,-0.5509783784273552,-0.27137340504135415,0.0068879878768136615,-0.2710910431001439,3.0028411772870824e-6
10a_iliSum_v1-3,_ilinDt_Octfit_span0.4_degree2,999,2017-09-16,224,error,normal,-0.6225289440445049,0.14652995578572475,-0.9104210085191697,-0.6225118027181391,-0.3350161589543449,-0.6224503016658638,4.802989342734079e-7
10a_iliSum_v1-3,_ilinDt_Octfit_span0.4_degree2,999,2017-09-16,225,error,normal,0.14458061046251014,0.14092183246290424,-0.13221819886903063,0.1445617565947642,0.42119129343222167,0.14453286388255054,3.0744574351459055e-7
10a_iliSum_v1-3,_ilinDt_Octfit_span0.4_degree2,999,2017-09-16,226,error,normal,-0.015814361385543912,0.14151142451437373,-0.2929917291560759,-0.016096134871540196,0.2625627435925555,-0.016725280426460477,1.5335909671927305e-6
10a_iliSum_v1-3,_ilinDt_Octfit_span0.4_degree2,999,2017-09-16,227,error,normal,-0.06801101051955592,0.14005053463535347,-0.3432908476667377,-0.0679645493339197,0.2067153508475629,-0.06786673257821474,3.758131337530885e-7
10a_iliSum_v1-3,_ilinDt_Octfit_span0.4_degree2,999,2017-09-16,228,error,normal,-0.09888720386844758,0.14171511022401248,-0.3775232064046344,-0.09880550555702508,0.17898676491728338,-0.0986401430417702,1.4105620486825807e-6
10a_iliSum_v1-3,_ilinDt_Octfit_span0.4_degree2,999,2017-09-16,229,error,normal,0.30169296105849086,0.14147977197819273,0.023815792439842054,0.30167076575001056,0.5793969067764247,0.3016414362555513,1.616260057855424e-6
10a_iliSum_v1-3,_ilinDt_Octfit_span0.4_degree2,999,2017-09-16,230,error,normal,0.20045987978950278,0.15215745979409356,-0.09913149378936587,0.20071456539206117,0.49833490945521186,0.2012202618122494,1.596789950383782e-6
10a_iliSum_v1-3,_ilinDt_Octfit_span0.4_degree2,999,2017-09-16,231,error,normal,0.35194607811272294,0.15161474572476827,0.05409049855320275,0.35194530325923873,0.6495094300502698,0.3519505659513308,1.2234807152405479e-6
10a_iliSum_v1-3,_ilinDt_Octfit_span0.4_degree2,999,2017-09-16,232,error,normal,0.12359091351273702,0.1484516079216887,-0.16795690427526894,0.1235631081161661,0.4150118623880642,0.12350622430447335,3.6407422286588366e-6
10a_iliSum_v1-3,_ilinDt_Octfit_span0.4_degree2,999,2017-09-16,233,error,normal,-0.11309277069739372,0.1574355054938139,-0.42225521358793017,-0.11310754225855671,0.19578706214158678,-0.11316678232287344,8.199988555436803e-7
10a_iliSum_v1-3,_ilinDt_Octfit_span0.4_degree2,999,2017-09-16,234,error,normal,-0.09958818010893343,0.13967935058240077,-0.37394497730283793,-0.09960546994046567,0.17458198752144755,-0.09965274509958234,2.9715573095963625e-6
10a_iliSum_v1-3,_ilinDt_Octfit_span0.4_degree2,999,2017-09-16,235,error,normal,-0.3112719052706312,0.1395929274299737,-0.5853477833695924,-0.31132868518255086,-0.03714893917452422,-0.3114332192371455,1.1748895227489426e-6
10a_iliSum_v1-3,_ilinDt_Octfit_span0.4_degree2,999,2017-09-16,236,error,normal,-0.16641469092026903,0.16241902208611486,-0.4854784589483553,-0.16642083218923875,0.15238016240978192,-0.16641322682689427,1.9770739951527902e-6
10a_iliSum_v1-3,_ilinDt_Octfit_span0.4_degree2,999,2017-09-16,237,error,normal,-0.06649261928760704,0.13854071714999663,-0.33862045144063924,-0.06650614063386255,0.20542816184953044,-0.066517033353244,5.555844437615993e-7
10a_iliSum_v1-3,_ilinDt_Octfit_span0.4_degree2,999,2017-09-16,238,error,normal,0.05756841307830707,0.15190540858320165,-0.24186659357232626,0.057948467978938094,0.35458086916583836,0.05872416590195047,3.950444391906318e-6
10a_iliSum_v1-3,_ilinDt_Octfit_span0.4_degree2,999,2017-09-16,239,error,normal,-0.20070379763481994,0.16571812251328444,-0.5261436350752734,-0.20074002784463502,0.1246033195656949,-0.20079012869241308,8.058834155870648e-7
10a_iliSum_v1-3,_ilinDt_Octfit_span0.4_degree2,999,2017-09-16,240,error,normal,-0.018716933037499633,0.1357669268596243,-0.2853225196313828,-0.01875638868421554,0.24784574942326815,-0.018825969622888045,9.930681194051858e-7
10a_iliSum_v1-3,_ilinDt_Octfit_span0.4_degree2,999,2017-09-16,241,error,normal,0.07763760339328324,0.14034086417414043,-0.19777628079629056,0.07753836991301942,0.3533438990371206,0.0773498928820825,2.8096109062217207e-6
10a_iliSum_v1-3,_ilinDt_Octfit_span0.4_degree2,999,2017-09-16,242,error,normal,0.09465148863924898,0.13823785872593444,-0.17668170219778656,0.09456486337523642,0.3661932303491599,0.09440813499545203,7.833721747277996e-7
10a_iliSum_v1-3,_ilinDt_Octfit_span0.4_degree2,999,2017-09-16,243,error,normal,-0.32933554886661787,0.16788260932205612,-0.6590483022781032,-0.32937292174078103,2.56329335379335e-4,-0.3294501528700158,2.4664263823409333e-6
10a_iliSum_v1-3,_ilinDt_Octfit_span0.4_degree2,999,2017-09-16,244,error,normal,-0.1675035842471073,0.14771557506184144,-0.4575416573508369,-0.16755847532024915,0.12255097672326537,-0.16766117697373126,8.495614354024324e-7
10a_iliSum_v1-3,_ilinDt_Octfit_span0.4_degree2,999,2017-09-16,245,error,normal,-0.16110367452897767,0.14800871813693126,-0.45185685122730146,-0.1611110476703209,0.12939423040682782,-0.1611186209775902,4.923314174501458e-7
10a_iliSum_v1-3,_ilinDt_Octfit_span0.4_degree2,999,2017-09-16,246,error,normal,0.14494029666007002,0.14359634540959923,-0.13745035259919153,0.14504531751503746,0.42648527275227305,0.1452950719702662,4.915455128293048e-7
10a_iliSum_v1-3,_ilinDt_Octfit_span0.4_degree2,999,2017-09-16,247,error,normal,0.15623944922726005,0.15482636984610718,-0.14771600939113902,0.15616359469827262,0.4603136698135649,0.15600757484413785,3.14600967311394e-6
10a_iliSum_v1-3,_ilinDt_Octfit_span0.4_degree2,999,2017-09-16,248,error,normal,-0.16790345840065082,0.13645549977035015,-0.43596562645577996,-0.16791022498764463,0.09991405374179901,-0.16792098201582337,1.5123864127050105e-7
10a_iliSum_v1-3,_ilinDt_Octfit_span0.4_degree2,999,2017-09-16,249,error,normal,-0.15900001764457294,0.14066708664604943,-0.43536537320219293,-0.158988680431824,0.11702704889641552,-0.1589463164316779,2.377633458642116e-7
10a_iliSum_v1-3,_ilinDt_Octfit_span0.4_degree2,999,2017-09-16,250,error,normal,-0.020823204170956976,0.13462388999975036,-0.28527970443253214,-0.02082905996603975,0.24338772893430594,-0.02082539670209994,1.4670302146683643e-6
10a_iliSum_v1-3,_ilinDt_Octfit_span0.4_degree2,999,2017-09-16,251,error,normal,0.2609778348275779,0.13784865722275252,-0.009952841622610453,0.2610114996030673,0.5314334004480847,0.2610894511964458,4.3271424042616016e-7
10a_iliSum_v1-3,_ilinDt_Octfit_span0.4_degree2,999,2017-09-16,252,error,normal,-0.2130251386123764,0.15628016053153715,-0.5192129196207543,-0.21329694556037276,0.09437862483413731,-0.21381377906170007,1.2253874021232822e-6
10a_iliSum_v1-3,_ilinDt_Octfit_span0.4_degree2,999,2017-09-16,253,error,normal,0.03668392015758207,0.14395398261375608,-0.2458515065986176,0.03660235551320081,0.3193664881095796,0.036452897195082455,3.4550872065286736e-6
10a_iliSum_v1-3,_ilinDt_Octfit_span0.4_degree2,999,2017-09-16,254,error,normal,-0.12406783693816903,0.15686529675299407,-0.4320139337639325,-0.12413379719336572,0.18393333963457942,-0.12429201097587964,6.460319291803801e-6
10a_iliSum_v1-3,_ilinDt_Octfit_span0.4_degree2,999,2017-09-16,255,error,normal,0.4045742244656758,0.15210697049462574,0.10528200220107409,0.40476028015496374,0.7024960346606401,0.4051215510435451,1.009353485457705e-6
10a_iliSum_v1-3,_ilinDt_Octfit_span0.4_degree2,999,2017-09-16,256,error,normal,0.2965743061317187,0.1618217566705224,-0.020763235823898607,0.29640000237526837,0.6145627499593208,0.2960826303882982,5.570069850902829e-7
10a_iliSum_v1-3,_ilinDt_Octfit_span0.4_degree2,999,2017-09-16,257,error,normal,-0.09110498008749332,0.15263465490994113,-0.3906156977492638,-0.09122968778184917,0.20876445718481318,-0.0915045829440938,2.13484176477788e-6
10a_iliSum_v1-3,_ilinDt_Octfit_span0.4_degree2,999,2017-09-16,258,error,normal,0.19946403823803172,0.14394734549863175,-0.08381007046456038,0.19963096269018674,0.48150045666637775,0.1999656113792505,9.778122372778577e-7
10a_iliSum_v1-3,_ilinDt_Octfit_span0.4_degree2,999,2017-09-16,259,error,normal,0.006566522973074129,0.14827295538108823,-0.28471768081437987,0.006565177794983332,0.2975558998677537,0.006575172489065816,2.9745254406235086e-7
10a_iliSum_v1-3,_ilinDt_Octfit_span0.4_degree2,999,2017-09-16,260,error,normal,0.23683686666508005,0.14291728000673695,-0.0436101821001213,0.23672280621714178,0.5175989321458021,0.23646969263278805,1.1872250178959862e-6
10a_iliSum_v1-3,_ilinDt_Octfit_span0.4_degree2,999,2017-09-16,261,error,normal,-0.23756796093141552,0.1390949737941472,-0.510476678313627,-0.237694610345753,0.035762851544583724,-0.2379568986594957,2.5085915831493807e-6
10a_iliSum_v1-3,_ilinDt_Octfit_span0.4_degree2,999,2017-09-16,262,error,normal,0.216791885317892,0.14729797712249523,-0.07324190749518192,0.2170010895233714,0.5053604271999556,0.21743441305610395,7.19962886831457e-7
10a_iliSum_v1-3,_ilinDt_Octfit_span0.4_degree2,999,2017-09-16,263,error,normal,-0.22213947551247287,0.15962403110690365,-0.5352447695014351,-0.22226088637928612,0.09121430324649141,-0.2226017118977303,2.3938235723224835e-6
10a_iliSum_v1-3,_ilinDt_Octfit_span0.4_degree2,999,2017-09-16,264,error,normal,-0.06212632481962665,0.1437291622216002,-0.34426323081747584,-0.062199680705816246,0.22013999721409638,-0.06232345742215462,2.1402544686668174e-7
10a_iliSum_v1-3,_ilinDt_Octfit_span0.4_degree2,999,2017-09-16,265,error,normal,0.6888465756180319,0.16638019697533832,0.36254871845984177,0.6886484915430342,1.0158786775798245,0.688221796460258,2.240097406405755e-6
10a_iliSum_v1-3,_ilinDt_Octfit_span0.4_degree2,999,2017-09-16,266,error,normal,-0.2537648802948585,0.15361753416879959,-0.5555715693615291,-0.253763526167045,0.04774549415624291,-0.253746505918458,2.26245202602837e-6
10a_iliSum_v1-3,_ilinDt_Octfit_span0.4_degree2,999,2017-09-16,267,error,normal,0.028733151059384968,0.14961064624476905,-0.2652961707641602,0.028781062443624345,0.3221595324750358,0.02887641883148693,7.126072989153864e-6
10a_iliSum_v1-3,_ilinDt_Octfit_span0.4_degree2,999,2017-09-16,268,error,normal,-0.17421965395818997,0.14141631721943546,-0.4526799095139695,-0.17399221673293802,0.10268166244529556,-0.17352956965586647,1.3030457890103033e-6
10a_iliSum_v1-3,_ilinDt_Octfit_span0.4_degree2,999,2017-09-16,269,error,normal,-0.13728168134230323,0.14458179867662085,-0.4210142029398194,-0.13737550252142208,0.14666487290612354,-0.1375464418362631,5.578596992222211e-6
10a_iliSum_v1-3,_ilinDt_Octfit_span0.4_degree2,999,2017-09-16,270,error,normal,0.44229174263233767,0.17188853360310627,0.10418375446919209,0.44244619171850613,0.7791705567700214,0.44274722722034343,6.575443373108393e-7
10a_iliSum_v1-3,_ilinDt_Octfit_span0.4_degree2,999,2017-09-16,271,error,normal,0.03426643644803057,0.1489813664456806,-0.2587528194827411,0.03439607766630299,0.32629923558013396,0.0347051071168969,1.2236566493859468e-6
10a_iliSum_v1-3,_ilinDt_Octfit_span0.4_degree2,999,2017-09-16,272,error,normal,-0.5196130880232281,0.15543019417673062,-0.8247272571460023,-0.519693106608381,-0.21434875329673797,-0.5198353813933735,1.0329446459224519e-6
10a_iliSum_v1-3,_ilinDt_Octfit_span0.4_degree2,999,2017-09-16,273,error,normal,-0.2937873896882069,0.13748107894706896,-0.5637414204379734,-0.2938357374236614,-0.02384141244653548,-0.29393245133042095,8.303557827972431e-7
10a_iliSum_v1-3,_ilinDt_Octfit_span0.4_degree2,999,2017-09-16,274,error,normal,0.02161778523583987,0.14404346295769863,-0.26139820907665795,0.02163510571163068,0.3042302029634411,0.02167649382001095,1.2618200426708535e-6
10a_iliSum_v1-3,_ilinDt_Octfit_span0.4_degree2,999,2017-09-16,275,error,normal,0.20172029469776542,0.14528372589144511,-0.08368705214020691,0.20171465922779921,0.4868601965866276,0.20170978819068536,1.717466580789613e-7
10a_iliSum_v1-3,_ilinDt_Octfit_span0.4_degree2,999,2017-09-16,276,error,normal,-0.17452499301182212,0.1428269297077861,-0.45540928154707994,-0.17442128593525927,0.1054771711721024,-0.17421273624523811,1.033103956598919e-6
10a_iliSum_v1-3,_ilinDt_Octfit_span0.4_degree2,999,2017-09-16,277,error,normal,0.3808222466908424,0.14347744623306213,0.09819661966061854,0.3810962079791713,0.6616695643941545,0.3816893805217811,3.444759156787539e-6
10a_iliSum_v1-3,_ilinDt_Octfit_span0.4_degree2,999,2017-09-16,278,error,normal,0.09631467508364665,0.14890555481626125,-0.1967835570635969,0.09651584549731039,0.38803370529092074,0.09696952866807616,8.174684682282015e-7
10a_iliSum_v1-3,_ilinDt_Octfit_span0.4_degree2,999,2017-09-16,279,error,normal,-0.3651080494304291,0.16390247380218187,-0.6861543098576914,-0.36521063419512223,-0.043620987647313314,-0.3652516334324007,2.4628223475994717e-6
10a_iliSum_v1-3,_ilinDt_Octfit_span0.4_degree2,999,2017-09-16,280,error,normal,-0.2981777370985221,0.15705705331109665,-0.6081284404500833,-0.297610772151484,0.008493896057896078,-0.29630196937315306,6.31812244069398e-6
10a_iliSum_v1-3,_ilinDt_Octfit_span0.4_degree2,999,2017-09-16,281,error,normal,-0.05455409833461384,0.13924390839980105,-0.3288315933996052,-0.05429654983947166,0.21805690867970978,-0.0537267338999281,9.093401275178669e-7
10a_iliSum_v1-3,_ilinDt_Octfit_span0.4_degree2,999,2017-09-16,282,error,normal,0.08919123052495252,0.1413003157911575,-0.18843024407214015,0.08920366487711459,0.3664865150050359,0.08925987141871382,4.7465719578440135e-7
10a_iliSum_v1-3,_ilinDt_Octfit_span0.4_degree2,999,2017-09-16,283,error,normal,0.4429080847709774,0.1592597204095565,0.12935543619519058,0.44314991293018896,0.7548452815438728,0.44368620651225005,2.661376414071835e-7
10a_iliSum_v1-3,_ilinDt_Octfit_span0.4_degree2,999,2017-09-16,284,error,normal,-0.1505876944595615,0.1531330095942287,-0.4529067765045003,-0.14997482791689074,0.14823953926103586,-0.148549347082129,5.464387090324801e-6
10a_iliSum_v1-3,_ilinDt_Octfit_span0.4_degree2,999,2017-09-16,285,error,normal,-0.1493350611562897,0.14809940165028584,-0.44073366013582327,-0.14908177949001553,0.14043684395341502,-0.14849778613627085,2.2145210172718177e-5
10a_iliSum_v1-3,_ilinDt_Octfit_span0.4_degree2,999,2017-09-16,286,error,normal,-0.17091312622767224,0.14121951355166956,-0.4484307986634287,-0.17088186051342205,0.10617082117806512,-0.17079125503399767,4.0033117584969296e-7
10a_iliSum_v1-3,_ilinDt_Octfit_span0.4_degree2,999,2017-09-16,287,error,normal,-0.30669857041733717,0.1443001734812294,-0.5896952718531616,-0.30686365542875665,-0.023038737562213918,-0.30718286104777465,5.033631179807914e-6
10a_iliSum_v1-3,_ilinDt_Octfit_span0.4_degree2,999,2017-09-16,288,error,normal,-0.6363475143219056,0.1453589514911981,-0.9218735665737874,-0.6363457238334829,-0.3510681475500368,-0.6363047728717492,3.1239214129715875e-6
10a_iliSum_v1-3,_ilinDt_Octfit_span0.4_degree2,999,2017-09-16,289,error,normal,-0.09026945745744393,0.17407203477871513,-0.43293746759242385,-0.09001194678626759,0.250687710090491,-0.08942457559495175,3.937766041202124e-7
10a_iliSum_v1-3,_ilinDt_Octfit_span0.4_degree2,999,2017-09-16,290,error,normal,0.010066470461415074,0.1575274507365911,-0.2995459312513668,0.010179074032146235,0.31881682148089063,0.010492841541071801,1.2763148438205358e-6
10a_iliSum_v1-3,_ilinDt_Octfit_span0.4_degree2,999,2017-09-16,291,error,normal,-0.387617247083825,0.15795874692140385,-0.698722749885075,-0.3873332369048473,-0.07835618161876956,-0.3866989413637932,1.5903774632555474e-6
10a_iliSum_v1-3,_ilinDt_Octfit_span0.4_degree2,999,2017-09-16,292,error,normal,0.5189518772387578,0.14678833305140246,0.23023358681943729,0.5191213139311455,0.8064950410589508,0.5195388303825773,7.561318244626999e-6
10a_iliSum_v1-3,_ilinDt_Octfit_span0.4_degree2,999,2017-09-16,293,error,normal,-0.29281630357932587,0.14438068482850275,-0.5767111103581053,-0.29273204429077854,-0.009656686897236533,-0.29253131802348653,1.2643077658847784e-7
10a_iliSum_v1-3,_ilinDt_Octfit_span0.4_degree2,999,2017-09-16,294,error,normal,0.042819463638404616,0.15031695497061068,-0.2528120186829399,0.04293823847739247,0.3375325549106432,0.04322692839442169,2.8608586958705226e-7
10a_iliSum_v1-3,_ilinDt_Octfit_span0.4_degree2,999,2017-09-16,295,error,normal,-0.16798882473139698,0.14968731776940641,-0.4611490045743949,-0.16829433893453447,0.12657920145872387,-0.16893466361267043,9.55853857579171e-6
10a_iliSum_v1-3,_ilinDt_Octfit_span0.4_degree2,999,2017-09-16,296,error,normal,-0.5847975948917841,0.14757477387530168,-0.8753833269565918,-0.5845580384228332,-0.2958142279113359,-0.5840366164121598,3.3286311401527333e-06
10a_iliSum_v1-3,_ilinDt_Octfit_span0.4_degree2,999,2017-09-16,297,error,normal,0.5615194010762822,0.15294272976585743,0.26059395400635205,0.5616767697125293,0.8612874323896322,0.5620237943260616,1.7938877065024777e-7
10a_iliSum_v1-3,_ilinDt_Octfit_span0.4_degree2,999,2017-09-16,298,error,normal,0.29994497340209453,0.1623701086872214,-0.018489563208943682,0.29984552541277215,0.6186826879552374,0.2997314181445158,1.4184643894039851e-6
10a_iliSum_v1-3,_ilinDt_Octfit_span0.4_degree2,999,2017-09-16,299,error,normal,0.12369295495174774,0.1409351184469148,-0.15394581001459867,0.12398640737300373,0.3994457690405841,0.12461673560408461,1.0135319562753636e-5
10a_iliSum_v1-3,_ilinDt_Octfit_span0.4_degree2,999,2017-09-16,300,error,normal,0.032712451609516774,0.15433190001395136,-0.2704687658314013,0.03271480702848772,0.3355975147045947,0.03274991986144225,4.92540928153962e-7
10a_iliSum_v1-3,_ilinDt_Octfit_span0.4_degree2,999,2017-09-16,301,error,normal,-0.22357592109368832,0.15078955784156228,-0.5206443347514335,-0.22325429099385788,0.07148990858852441,-0.2225123079405969,2.899232592876817e-6
10a_iliSum_v1-3,_ilinDt_Octfit_span0.4_degree2,999,2017-09-16,302,error,normal,-0.2909514179084994,0.154436061631119,-0.5957445925411198,-0.29032749659637,0.010355418733884514,-0.2888251954504587,6.164019482735646e-6
10a_iliSum_v1-3,_ilinDt_Octfit_span0.4_degree2,999,2017-09-16,303,error,normal,-0.14380785882172456,0.15463319159448202,-0.44853570035006135,-0.14344386816206395,0.1586782802084742,-0.1426129293517346,3.0177439967154877e-6
10a_iliSum_v1-3,_ilinDt_Octfit_span0.4_degree2,999,2017-09-16,304,error,normal,0.19195485660429573,0.14534736550640273,-0.09409939434204678,0.1921640737874282,0.47661848405852514,0.19265890953285109,1.9813324676051162e-6
10a_iliSum_v1-3,_ilinDt_Octfit_span0.4_degree2,999,2017-09-16,305,error,normal,-0.6582500717989596,0.16215871120976366,-0.9779835398704086,-0.6578153607494337,-0.3411538573611206,-0.6568396284703222,1.2997874148507863e-6
10a_iliSum_v1-3,_ilinDt_Octfit_span0.4_degree2,999,2017-09-16,306,error,normal,0.11223703482020696,0.1417698773133558,-0.16706347351478512,0.11251736532013583,0.38973571136335056,0.11313024632984288,2.9755147762620135e-6
10a_iliSum_v1-3,_ilinDt_Octfit_span0.4_degree2,999,2017-09-16,307,error,normal,0.13291394837016857,0.14403827189371685,-0.14950497383674988,0.13272178312913238,0.41612829941236373,0.13233040134987226,5.360084907741805e-6
10a_iliSum_v1-3,_ilinDt_Octfit_span0.4_degree2,999,2017-09-16,308,error,normal,-0.24734424775977584,0.1430601670248528,-0.5292340571728777,-0.2469866087673632,0.03236000152252655,-0.2461796656823356,1.3736693132685422e-5
10a_iliSum_v1-3,_ilinDt_Octfit_span0.4_degree2,999,2017-09-16,309,error,normal,0.015615242153525704,0.14650533654567996,-0.27336746280292745,0.016048409062914708,0.30199404769077764,0.01701645011722362,2.550677748318819e-6
10a_iliSum_v1-3,_ilinDt_Octfit_span0.4_degree2,999,2017-09-16,310,error,normal,0.09890541605118558,0.13751001786474717,-0.17136102760456123,0.09894598221773776,0.36869198937340814,0.09905412376575796,2.930897936516321e-7
10a_iliSum_v1-3,_ilinDt_Octfit_span0.4_degree2,999,2017-09-16,311,error,normal,0.6728456333310672,0.16162043220110658,0.35496990930185823,0.6729744522117895,0.9897007243714785,0.6732698495068697,8.625882951892217e-7
10a_iliSum_v1-3,_ilinDt_Octfit_span0.4_degree2,999,2017-09-16,312,error,normal,0.49382808394456884,0.15080341760583704,0.19713224653042888,0.494045218299231,0.7891320649040268,0.49459017354497947,7.902129487307222e-7
10a_iliSum_v1-3,_ilinDt_Octfit_span0.4_degree2,999,2017-09-16,313,error,normal,-0.15552384475027675,0.15948395708821916,-0.46945764233895204,-0.1549773381780006,0.15563512119908193,-0.15342664155099114,2.5927247788024797e-5
10a_iliSum_v1-3,_ilinDt_Octfit_span0.4_degree2,999,2017-09-16,314,error,normal,-0.14677003966153915,0.13875876820663666,-0.4201248929676938,-0.146498987145831,0.12483061642571597,-0.14591126401802365,3.503511486366672e-6
10a_iliSum_v1-3,_ilinDt_Octfit_span0.4_degree2,999,2017-09-16,315,error,normal,0.5299831955357002,0.17016413243703418,0.1965495499009326,0.5307037065398863,0.860934419367228,0.533617901824364,2.697623481258342e-5
10a_iliSum_v1-3,_ilinDt_Octfit_span0.4_degree2,999,2017-09-16,316,error,normal,-0.38060365143640246,0.19848787929307046,-0.7724712984529669,-0.3794383553165044,0.005384453139424483,-0.3762912521745492,6.779525500723717e-6
10a_iliSum_v1-3,_ilinDt_Octfit_span0.4_degree2,999,2017-09-16,317,error,normal,0.43250147937217537,0.14956857982016503,0.1388771239279754,0.43247275451922024,0.7260036264462768,0.4324621993075709,9.11108486090708e-6
10a_iliSum_v1-3,_ilinDt_Octfit_span0.4_degree2,999,2017-09-16,318,error,normal,0.3273436530683546,0.15932712341879743,0.013976325297540448,0.32747794522591567,0.6396890465939971,0.32780129828634147,3.3505110761083545e-7
10a_iliSum_v1-3,_ilinDt_Octfit_span0.4_degree2,999,2017-09-16,319,error,normal,-0.36272614698536587,0.15204615829149387,-0.6614402225408047,-0.36272361410730564,-0.06431096004514858,-0.3626927921121829,4.279633357085681e-7
10a_iliSum_v1-3,_ilinDt_Octfit_span0.4_degree2,999,2017-09-16,320,error,normal,0.2512899344217596,0.14852311787239095,-0.04038998645163916,0.25125176864022253,0.5428900393292626,0.2511847072687137,5.089852123462508e-7
10a_iliSum_v1-3,_ilinDt_Octfit_span0.4_degree2,999,2017-09-16,321,error,normal,0.12520677678135353,0.14315605699301157,-0.1565918956722786,0.1254065503845377,0.4056365161739662,0.12584952473731065,1.7358976790227457e-6
10a_iliSum_v1-3,_ilinDt_Octfit_span0.4_degree2,999,2017-09-16,322,error,normal,-0.3399380936759064,0.14834862137183055,-0.6324490231893944,-0.339511192876331,-0.04999425023058335,-0.3385484929744247,8.616355751546928e-6
10a_iliSum_v1-3,_ilinDt_Octfit_span0.4_degree2,999,2017-09-16,323,error,normal,-1.86894242416086,0.17298005340438458,-2.2079760283011503,-1.8692072072780708,-1.5287350732021099,-1.8697129433747204,5.265993336482836e-6
10a_iliSum_v1-3,_ilinDt_Octfit_span0.4_degree2,999,2017-09-16,324,error,normal,4.572730063430811e-11,0.35773323058993445,-0.7028510674741796,-1.0150493737886136e-5,0.7021566485948123,-7.307705467767879e-12,5.040529303169429e-7
10a_iliSum_v1-3,_ilinDt_Octfit_span0.4_degree2,999,2017-09-16,325,error,normal,4.451860921234763e-11,0.3577332305899343,-0.7028510674754068,-1.015049494013045e-5,0.7021566485935851,-8.447449578893694e-12,5.040529303168887e-7
10a_iliSum_v1-3,_ilinDt_Octfit_span0.4_degree2,999,2017-09-16,326,error,normal,4.3606944587506056e-11,0.3577332305899346,-0.7028510674763254,-1.0150495849858717e-5,0.7021566485926698,-9.366774945632648e-12,5.040529303168345e-7
10a_iliSum_v1-3,_ilinDt_Octfit_span0.4_degree2,999,2017-09-16,327,error,normal,4.43281158577491e-11,0.3577332305899344,-0.7028510674755983,-1.0150495130596905e-5,0.7021566485933936,-8.660282805349942e-12,5.040529303168345e-7
10a_iliSum_v1-3,_ilinDt_Octfit_span0.4_degree2,999,2017-09-16,328,error,normal,4.385574144423612e-11,0.35773323058993456,-0.7028510674760746,-1.0150495601682036e-5,0.7021566485929177,-9.121493020928163e-12,5.040529303168345e-7
10a_iliSum_v1-3,_ilinDt_Octfit_span0.4_degree2,999,2017-09-16,329,error,normal,4.286654651867125e-11,0.3577332305899347,-0.7028510674770714,-1.0150496588227637e-5,0.702156648591923,-1.012467789184085e-11,5.040529303168345e-7
10a_iliSum_v1-3,_ilinDt_Octfit_span0.4_degree2,999,2017-09-16,330,error,normal,4.453799106962369e-11,0.3577332305899343,-0.7028510674753844,-1.0150494922244081e-5,0.7021566485936088,-8.446239689379942e-12,5.040529303168887e-7
10a_iliSum_v1-3,_ilinDt_Octfit_span0.4_degree2,999,2017-09-16,331,error,normal,4.355968027636611e-11,0.35773323058993445,-0.7028510674763726,-1.015049589720027e-5,0.7021566485926212,-9.403787649712406e-12,5.040529303169429e-7
10a_iliSum_v1-3,_ilinDt_Octfit_span0.4_degree2,999,2017-09-16,332,error,normal,4.4333409464559425e-11,0.35773323058993445,-0.7028510674755931,-1.0150495125279563e-5,0.7021566485933991,-8.639221657581272e-12,5.040529303169429e-7
10a_iliSum_v1-3,_ilinDt_Octfit_span0.4_degree2,999,2017-09-16,333,error,normal,4.38103260435198e-11,0.3577332305899346,-0.7028510674761206,-1.0150495646784308e-5,0.702156648592873,-9.148011301899432e-12,5.040529303168345e-7
10a_iliSum_v1-3,_ilinDt_Octfit_span0.4_degree2,999,2017-09-16,334,error,normal,4.4561446338406775e-11,0.35773323058993445,-0.7028510674753657,-1.0150494896887683e-5,0.702156648593627,-8.411896396450936e-12,5.040529303169429e-7
10a_iliSum_v1-3,_ilinDt_Octfit_span0.4_degree2,999,2017-09-16,335,error,normal,4.394984965054962e-11,0.35773323058993456,-0.7028510674759811,-1.0150495506861909e-5,0.7021566485930127,-8.994756156038268e-12,5.040529303168345e-7
10a_iliSum_v1-3,_ilinDt_Octfit_span0.4_degree2,999,2017-09-16,336,error,normal,4.381811422176842e-11,0.35773323058993445,-0.7028510674761129,-1.0150495638787073e-5,0.7021566485928806,-9.170218012627656e-12,5.040529303169429e-7
