modCodeStr,dbCodeStr,season,exportDate,fips_st,ID,mean,sd,q_025,q_5,q_975,mode,y,y1
10a_iliSum_v1-3,_ilinDt_Octfit_span0.4_degree2,3,2017-09-16,01,1,2.3428072662993045,0.011093270496686054,2.3211938270736905,2.3429460414813916,2.3627958538037737,2.3429924307671057,9.41242580848574,2.3429998822321134
10a_iliSum_v1-3,_ilinDt_Octfit_span0.4_degree2,3,2017-09-16,06,2,2.135756657676437,0.011152002590710426,2.113499450843407,2.136046602497274,2.1553366067742736,2.1361678439200444,7.46771999998353,2.1362612870650413
10a_iliSum_v1-3,_ilinDt_Octfit_span0.4_degree2,3,2017-09-16,08,3,2.559303453617316,0.011170947598277572,2.5368800095808672,2.5596253080181524,2.578799171730508,2.5597616047668934,11.9341399591653,2.559870323993015
10a_iliSum_v1-3,_ilinDt_Octfit_span0.4_degree2,3,2017-09-16,09,4,1.7839694259782792,0.01107310186803551,1.7627471813233992,1.7840111243230317,1.804240790163536,1.784011154903463,4.95341347137123,1.7839647477262452
10a_iliSum_v1-3,_ilinDt_Octfit_span0.4_degree2,3,2017-09-16,10,5,1.5278553749116082,0.011067599818482921,1.5069130017168482,1.5278280111975584,1.5483440614602562,1.527792311685379,3.60759928637387,1.5277069591899761
10a_iliSum_v1-3,_ilinDt_Octfit_span0.4_degree2,3,2017-09-16,13,6,3.029235567099523,0.011084492486815402,3.0077675286761734,3.0293386988592967,3.0493244610572114,3.0293695710258635,19.6839741644719,3.029359205474594
10a_iliSum_v1-3,_ilinDt_Octfit_span0.4_degree2,3,2017-09-16,19,7,2.7458406648079725,0.011134362985916038,2.7237604965204585,2.746091825020496,2.765520553139426,2.746192366888601,14.5842660884533,2.746261821218818
10a_iliSum_v1-3,_ilinDt_Octfit_span0.4_degree2,3,2017-09-16,16,8,1.1960230081930856,0.011071779203266813,1.1749043613901986,1.1960388811141323,1.2163758039348942,1.1960250906537093,2.30674077790639,1.195963045050815
10a_iliSum_v1-3,_ilinDt_Octfit_span0.4_degree2,3,2017-09-16,17,9,1.739158580251884,0.011081247687467993,1.7177467081475344,1.7392470331056433,1.759290556062884,1.7392686656632421,4.69305102218471,1.739246312195552
10a_iliSum_v1-3,_ilinDt_Octfit_span0.4_degree2,3,2017-09-16,18,10,2.424720573052186,0.01112889114366422,2.402695418575203,2.4249589669203315,2.444436586356766,2.4250522329030795,10.3035113948198,2.425113420352125
10a_iliSum_v1-3,_ilinDt_Octfit_span0.4_degree2,3,2017-09-16,20,11,1.575611542450887,0.011076146843520526,1.5543307809449602,1.5756679429701574,1.5958411022394987,1.5756750350936666,3.8338194435809,1.575636930235119
10a_iliSum_v1-3,_ilinDt_Octfit_span0.4_degree2,3,2017-09-16,21,12,2.662476727642774,0.011104866123342525,2.640713530475444,2.662652042308011,2.682364275315767,2.662715242101102,13.3355463720255,2.6627422131555916
10a_iliSum_v1-3,_ilinDt_Octfit_span0.4_degree2,3,2017-09-16,22,13,2.3296637190061866,0.011098296434199267,2.3079890947313757,2.32981777983848,2.349611409853798,2.3298714799018834,9.27678996006465,2.329887950569397
10a_iliSum_v1-3,_ilinDt_Octfit_span0.4_degree2,3,2017-09-16,25,14,3.0671403495936613,0.01126286736367056,3.044009298296275,3.0675997145045364,3.0863615036794823,3.067807201436738,20.4988060712096,3.067997402020036
10a_iliSum_v1-3,_ilinDt_Octfit_span0.4_degree2,3,2017-09-16,24,15,2.728044102383048,0.011066947759772336,2.707181623731865,2.7279982176649886,2.7485941952443445,2.7279555944696323,14.3001788563875,2.72786451829003
10a_iliSum_v1-3,_ilinDt_Octfit_span0.4_degree2,3,2017-09-16,23,16,0.8861859181205889,0.011068006292995161,0.8651983834750767,0.8861693101742295,0.906640064100243,0.8861381789827284,1.42554687240301,0.886057013357892
10a_iliSum_v1-3,_ilinDt_Octfit_span0.4_degree2,3,2017-09-16,26,17,2.8633531142125763,0.01115285097068844,2.841081799111434,2.863644676606087,2.8829260804168864,2.863766249569302,16.5290419492021,2.8638590453690482
10a_iliSum_v1-3,_ilinDt_Octfit_span0.4_degree2,3,2017-09-16,27,18,1.458016950759677,0.011108290259554609,1.4362113187514007,1.4582030794167258,1.4778768100310704,1.4582710107959194,3.29866177289742,1.4583037586566392
10a_iliSum_v1-3,_ilinDt_Octfit_span0.4_degree2,3,2017-09-16,29,19,2.0163470817915905,0.01113725729181573,1.9942384430232705,2.01660450809135,2.036012261932692,2.0167077325734795,6.51409318438187,2.016780348509784
10a_iliSum_v1-3,_ilinDt_Octfit_span0.4_degree2,3,2017-09-16,28,20,1.8724162475896688,0.011072651603909058,1.851888242448629,1.8722886886524814,1.8932453664092939,1.8722028629971261,5.50170442922322,1.8720643624084627
10a_iliSum_v1-3,_ilinDt_Octfit_span0.4_degree2,3,2017-09-16,30,21,1.059978994456492,0.011072448883609386,1.0388083136422703,1.0600081709275058,1.0802921567610904,1.0600011269394944,1.88621772391468,1.059946898917997
10a_iliSum_v1-3,_ilinDt_Octfit_span0.4_degree2,3,2017-09-16,37,22,3.1579889140819812,0.011086050737440062,3.1364875753209915,3.158099435598791,3.1780550606734135,3.158132567928468,22.5264137492668,3.1581237792775405
10a_iliSum_v1-3,_ilinDt_Octfit_span0.4_degree2,3,2017-09-16,38,23,1.2162874358559292,0.011069603718915228,1.1956159193354554,1.2161934696208136,1.2369982529582222,1.2161229852754045,2.37366604034159,1.215999998887493
10a_iliSum_v1-3,_ilinDt_Octfit_span0.4_degree2,3,2017-09-16,31,24,2.0383421886090094,0.011069582318514468,2.017286398326776,2.0383421379031073,2.0587403083713256,2.0383209923567494,6.67716880463631,2.038250833963577
10a_iliSum_v1-3,_ilinDt_Octfit_span0.4_degree2,3,2017-09-16,33,25,3.6052540212514232,0.011167518857603217,3.5828528840541822,3.6055733605108706,3.6247554705766003,3.605711102786531,35.8119794851227,3.6058233216886877
10a_iliSum_v1-3,_ilinDt_Octfit_span0.4_degree2,3,2017-09-16,35,26,0.7130529673053265,0.011082060555367541,0.6927202065668082,0.7128684983855258,0.7340886578912559,0.7127537082273228,1.03925462690236,0.7125843621195339
10a_iliSum_v1-3,_ilinDt_Octfit_span0.4_degree2,3,2017-09-16,32,27,0.9124405806511955,0.011069628327992543,0.8914057389095014,0.912436217751747,0.9328571708235043,0.9124129591854623,1.4901457173575,0.9123412297914361
10a_iliSum_v1-3,_ilinDt_Octfit_span0.4_degree2,3,2017-09-16,36,28,1.0670305451236328,0.011069689908107985,1.0463941873442442,1.0669285900784762,1.0877692939774115,1.066854826987026,1.90585807474004,1.0667287252562139
10a_iliSum_v1-3,_ilinDt_Octfit_span0.4_degree2,3,2017-09-16,39,29,2.2259034204560573,0.01109820683340979,2.2042246117388724,2.226057532025386,2.245849370245928,2.2261098831097534,8.26388621874745,2.226123638668367
10a_iliSum_v1-3,_ilinDt_Octfit_span0.4_degree2,3,2017-09-16,40,30,3.01940556461377,0.011090899847337375,2.9978253870716887,3.019536042680728,3.0394167077535323,3.0195787816769415,19.4827219663676,3.019581699853796
10a_iliSum_v1-3,_ilinDt_Octfit_span0.4_degree2,3,2017-09-16,41,31,2.129066237166542,0.011095131115296942,2.107432396920992,2.1292089881905554,2.1490437504199718,2.129255463728702,7.40865877658304,2.1292619816688974
10a_iliSum_v1-3,_ilinDt_Octfit_span0.4_degree2,3,2017-09-16,42,32,1.9618049550034433,0.01111973480993743,1.939872492337279,1.9620216951058804,1.9815791664739053,1.9621054668779252,6.11465475702846,1.9621567071078077
10a_iliSum_v1-3,_ilinDt_Octfit_span0.4_degree2,3,2017-09-16,46,33,3.2402852856126487,0.011137233286286161,3.218172983710241,3.2405435601615156,3.2599468682110375,3.240647909765205,24.5521581306503,3.2407217800356265
10a_iliSum_v1-3,_ilinDt_Octfit_span0.4_degree2,3,2017-09-16,47,34,3.0652281221233553,0.011126104360528903,3.0432298240348112,3.065460288064049,3.0849602898930444,3.0655510222936324,20.4475323000706,3.0656095944701716
10a_iliSum_v1-3,_ilinDt_Octfit_span0.4_degree2,3,2017-09-16,48,35,3.0798934932888637,0.011110550465141996,3.0580646749210256,3.0800857246093223,3.0997346103039587,3.0801591401060273,20.7627387556731,3.0801992760013
10a_iliSum_v1-3,_ilinDt_Octfit_span0.4_degree2,3,2017-09-16,49,36,1.1490723146503319,0.011071264259554285,1.1284438171667794,1.1489680032001224,1.169819057359006,1.1488928298765422,2.15429517631365,1.1487650720861995
10a_iliSum_v1-3,_ilinDt_Octfit_span0.4_degree2,3,2017-09-16,51,37,2.407421362504426,0.011067957041075981,2.3864569368864843,2.407399354020085,2.4278907139779706,2.4073675806578296,10.1037918118755,2.4072866546581646
10a_iliSum_v1-3,_ilinDt_Octfit_span0.4_degree2,3,2017-09-16,50,38,3.6658637226848074,0.011220920941458167,3.643037767223786,3.666266311609618,3.685191394022895,3.6664454274012512,38.11884870671,3.6666044149459753
10a_iliSum_v1-3,_ilinDt_Octfit_span0.4_degree2,3,2017-09-16,53,39,1.6260671308188113,0.011071311317426875,1.6049204363168224,1.626090141080692,1.6463973345898961,1.6260798138673487,4.0836093867067,1.626021518492462
10a_iliSum_v1-3,_ilinDt_Octfit_span0.4_degree2,3,2017-09-16,55,40,2.2281310067666236,0.011108886912046766,2.2063151237999885,2.228318302770982,2.2479836850475317,2.228386687199391,8.28517522610932,2.2284190665823655
10a_iliSum_v1-3,_ilinDt_Octfit_span0.4_degree2,3,2017-09-16,54,41,1.8397743116541037,0.011077020957278581,1.818529675276464,1.8398199728873053,1.8600356974647714,1.8398196141172214,5.29509836388308,1.839771293090367
10a_iliSum_v1-3,_ilinDt_Octfit_span0.4_degree2,3,2017-09-16,56,42,2.2908754886202214,0.011086892358852086,2.269369992720265,2.2909861284783175,2.3109420506940284,2.2910174103741543,8.88487281561768,2.2910055901379542
10a_iliSum_v1-3,_ilinDt_Octfit_span0.4_degree2,4,2017-09-16,01,43,2.8393136093772195,0.01108560306409074,2.8178121173437822,2.8394243864962183,2.8593792021585083,2.8394575767627503,16.106337333399,2.839448999144145
10a_iliSum_v1-3,_ilinDt_Octfit_span0.4_degree2,4,2017-09-16,05,44,2.5252995735789074,0.011096070843299135,2.5036423629504827,2.525448950265812,2.5452570317908934,2.525500714954263,11.4973227157754,2.525514438629889
10a_iliSum_v1-3,_ilinDt_Octfit_span0.4_degree2,4,2017-09-16,04,45,2.3655084772068076,0.011174327552446153,2.3430451614260175,2.3658406643059977,2.384977003824142,2.3659854548572357,9.65581961429391,2.3661061855667174
10a_iliSum_v1-3,_ilinDt_Octfit_span0.4_degree2,4,2017-09-16,06,46,2.6378669617212185,0.011103498417176304,2.6161131326404696,2.6380419744509025,2.6577561927271818,2.6381085075423947,12.9871862490309,2.6381416425754525
10a_iliSum_v1-3,_ilinDt_Octfit_span0.4_degree2,4,2017-09-16,09,47,2.53081496756855,0.011072723049585259,2.5095896520158543,2.5308576621617753,2.5510806527856467,2.530859962281663,11.5637642677331,2.5308168189831184
10a_iliSum_v1-3,_ilinDt_Octfit_span0.4_degree2,4,2017-09-16,10,48,2.535369338565352,0.011102342550597777,2.5136282779235937,2.535540228907493,2.55526833564234,2.5356034047900864,11.6244006134065,2.535631497868573
10a_iliSum_v1-3,_ilinDt_Octfit_span0.4_degree2,4,2017-09-16,12,49,2.6200046194354396,0.011082496853162463,2.5985864003810986,2.6200958060653883,2.640129908132927,2.6201217174666303,12.7371820239532,2.620106172888838
10a_iliSum_v1-3,_ilinDt_Octfit_span0.4_degree2,4,2017-09-16,13,50,3.6039500756171194,0.011092911371815882,3.5823440144091663,3.604087087591219,3.6239431312900816,3.60413320309277,35.7500837600179,3.6041405048404087
10a_iliSum_v1-3,_ilinDt_Octfit_span0.4_degree2,4,2017-09-16,19,51,3.38330666398937,0.01114234438053299,3.3611311916949047,3.3835787147169314,3.4029299402445514,3.3836918370200353,28.481889408122,3.3837761564519835
10a_iliSum_v1-3,_ilinDt_Octfit_span0.4_degree2,4,2017-09-16,16,52,2.1661621711514543,0.011081196232662216,2.1447711701684464,2.1662459522509487,2.186306963969797,2.166268098680463,7.72548155819013,2.166247659481192
10a_iliSum_v1-3,_ilinDt_Octfit_span0.4_degree2,4,2017-09-16,17,53,2.6336266158376835,0.011089120551695204,2.612066090056355,2.633752622141808,2.6536498517665024,2.6337939100501035,12.9265299785878,2.633795652566845
10a_iliSum_v1-3,_ilinDt_Octfit_span0.4_degree2,4,2017-09-16,18,54,3.4098113125963225,0.011163163310552808,3.3874389269538914,3.4101239491617874,3.4293285405062615,3.410257363694606,29.2762601921567,3.410363913417018
10a_iliSum_v1-3,_ilinDt_Octfit_span0.4_degree2,4,2017-09-16,20,55,2.778742474649197,0.01114943198243052,2.7565029582871956,2.7790282617352857,2.7983310513251283,2.7791479575686786,15.1067697103468,2.779239662517464
10a_iliSum_v1-3,_ilinDt_Octfit_span0.4_degree2,4,2017-09-16,21,56,3.26397216458328,0.01109700339522364,3.2423038773414588,3.2641241963918213,3.283921769555349,3.264177544510323,25.1589954426214,3.264193125340265
10a_iliSum_v1-3,_ilinDt_Octfit_span0.4_degree2,4,2017-09-16,22,57,2.7218061575294388,0.011069952523751375,2.7006918828606614,2.7218219185961368,2.742158702235608,2.7218096047556357,14.2069151647775,2.721750269447259
10a_iliSum_v1-3,_ilinDt_Octfit_span0.4_degree2,4,2017-09-16,25,58,2.8872267570936287,0.011076963022437622,2.8658940980631935,2.8872955393417974,2.9074128202132203,2.8873100380701096,16.9444356232776,2.887280073744318
10a_iliSum_v1-3,_ilinDt_Octfit_span0.4_degree2,4,2017-09-16,24,59,3.5776635471894083,0.011076357551234373,3.5563395330262875,3.577731472310175,3.597854786855157,3.577747128760764,34.7918375633414,3.5777198663864866
10a_iliSum_v1-3,_ilinDt_Octfit_span0.4_degree2,4,2017-09-16,23,60,1.9243179047473211,0.011085766019203492,1.9028132292657818,1.924429922541508,1.9443802657171418,1.9244644854690462,5.85143477211609,1.9244580861247047
10a_iliSum_v1-3,_ilinDt_Octfit_span0.4_degree2,4,2017-09-16,26,61,3.4420269156420953,0.01108133501601032,3.4206017559032262,3.442119441286426,3.462145525394538,3.4421452833576764,30.2534207317425,3.4421288336074882
10a_iliSum_v1-3,_ilinDt_Octfit_span0.4_degree2,4,2017-09-16,27,62,1.9313787387603685,0.011079895390990014,1.9099871966450108,1.9314623645266382,1.9515239519517082,1.931482534460796,5.89956891323347,1.9314589333085104
10a_iliSum_v1-3,_ilinDt_Octfit_span0.4_degree2,4,2017-09-16,29,63,2.6474561758596247,0.011130544058350579,2.625408550203897,2.647700464122029,2.6671545204668305,2.6477986671525073,13.1238735751809,2.6478665269627046
10a_iliSum_v1-3,_ilinDt_Octfit_span0.4_degree2,4,2017-09-16,28,64,2.8935904032391204,0.01107118430652395,2.872446867618411,2.8936119164151664,2.9139218426228184,2.8936008611062145,17.0571415853027,2.8935412622232555
10a_iliSum_v1-3,_ilinDt_Octfit_span0.4_degree2,4,2017-09-16,30,65,1.5134334424667415,0.011067154569299341,1.4925932773384716,1.5133830896909757,1.5340019426209015,1.513339741604355,3.54146323425862,1.5132492584211683
10a_iliSum_v1-3,_ilinDt_Octfit_span0.4_degree2,4,2017-09-16,37,66,4.147699990176057,0.011121758863887192,4.125736910968249,4.147923879046488,4.167451756203137,4.1480121098930995,62.3115899529408,4.14806840801325
10a_iliSum_v1-3,_ilinDt_Octfit_span0.4_degree2,4,2017-09-16,38,67,1.9857970662469369,0.011067377717195983,1.965001950399727,1.9857345845241674,2.0064029892488358,1.9856830099865566,6.28328708038893,1.9855822823346425
10a_iliSum_v1-3,_ilinDt_Octfit_span0.4_degree2,4,2017-09-16,33,68,4.139535546495261,0.011071116190236673,4.118910267758631,4.139432123161174,4.1602822862146995,4.139361340027862,61.7551623865725,4.139240843736701
10a_iliSum_v1-3,_ilinDt_Octfit_span0.4_degree2,4,2017-09-16,34,69,2.678171578731767,0.011073990044313182,2.656919924451627,2.678220785165156,2.69841879051433,2.6782259209852097,13.5586583312289,2.6781858909422582
10a_iliSum_v1-3,_ilinDt_Octfit_span0.4_degree2,4,2017-09-16,35,70,1.906641522876467,0.011089572437132529,1.885081148753244,1.9067680919723973,1.926665333871756,1.9068101575144036,5.73160364264465,1.9068133979827637
10a_iliSum_v1-3,_ilinDt_Octfit_span0.4_degree2,4,2017-09-16,32,71,2.617048201590131,0.011161899778096365,2.594695140705443,2.617358353971639,2.636571350637553,2.6174935431210096,12.7028527195088,2.6176040388590724
10a_iliSum_v1-3,_ilinDt_Octfit_span0.4_degree2,4,2017-09-16,36,72,2.107532801153524,0.011068047138205275,2.0864844188800564,2.1075322002212578,2.1279332663933226,2.1075128384845367,7.2272025592657,2.1074460491631037
10a_iliSum_v1-3,_ilinDt_Octfit_span0.4_degree2,4,2017-09-16,39,73,3.2476324868036963,0.011111778900088205,3.225778908689789,3.2478300949205345,3.267457365225502,3.2479051156994108,24.7374304066266,3.247946368382369
10a_iliSum_v1-3,_ilinDt_Octfit_span0.4_degree2,4,2017-09-16,40,74,3.6942962946199933,0.011111075395419683,3.672451667885026,3.6944921268193447,3.714126469024426,3.6945668399331653,39.2297966806877,3.694607932026174
10a_iliSum_v1-3,_ilinDt_Octfit_span0.4_degree2,4,2017-09-16,41,75,2.5062639501636665,0.01106786629320134,2.4852163402397616,2.5062633757685004,2.5266652914095733,2.506243973827568,11.2579805878441,2.506177201430707
10a_iliSum_v1-3,_ilinDt_Octfit_span0.4_degree2,4,2017-09-16,42,76,2.492541502521359,0.011100179140137712,2.4708267264598938,2.492705740287487,2.5124576984882725,2.492766213041593,11.0949877982784,2.4927911352378684
10a_iliSum_v1-3,_ilinDt_Octfit_span0.4_degree2,4,2017-09-16,45,77,4.487543140272646,0.011076699915162242,4.466237743041158,4.4876064739723285,4.50775217580986,4.487618485984835,87.9066342278633,4.487586765470742
10a_iliSum_v1-3,_ilinDt_Octfit_span0.4_degree2,4,2017-09-16,46,78,3.451379155336142,0.011091763139847778,3.429777201961216,3.451515629539841,3.4713723408303245,3.451562850071187,30.5499463482138,3.4515718884537256
10a_iliSum_v1-3,_ilinDt_Octfit_span0.4_degree2,4,2017-09-16,47,79,3.88731418493502,0.011150920781218172,3.8650571503952773,3.887602771808191,3.9068939276585084,3.887723287902348,47.804134969066,3.88781504224213
10a_iliSum_v1-3,_ilinDt_Octfit_span0.4_degree2,4,2017-09-16,48,80,2.986198689290102,0.011067118114767372,2.9652951623032675,2.9861629680809343,3.006715632958407,2.9861258833664257,18.8071083146854,2.9860408790655213
10a_iliSum_v1-3,_ilinDt_Octfit_span0.4_degree2,4,2017-09-16,51,81,3.4151477928929403,0.011106499031576072,3.3933531507259307,3.415331748656293,3.4350095143134474,3.4154017797727576,29.4302732706057,3.4154379441710776
10a_iliSum_v1-3,_ilinDt_Octfit_span0.4_degree2,4,2017-09-16,50,82,3.3062896109839337,0.011086121049524663,3.284792653915668,3.306399916917552,3.3263574216934173,3.3064345059677875,26.2874929902701,3.306428464991745
10a_iliSum_v1-3,_ilinDt_Octfit_span0.4_degree2,4,2017-09-16,53,83,2.898382969638926,0.0111293585271714,2.876341246064073,2.898626948656717,2.918082038645807,2.898726453978613,17.1522862808459,2.8987965186646503
10a_iliSum_v1-3,_ilinDt_Octfit_span0.4_degree2,4,2017-09-16,55,84,2.8314339299699087,0.011090527856910006,2.809853795092445,2.8315642433635833,2.851443065450818,2.831607801406522,15.9727975727673,2.831611919682026
10a_iliSum_v1-3,_ilinDt_Octfit_span0.4_degree2,4,2017-09-16,54,85,3.0545795241627838,0.01109298853863919,3.032972827058633,3.054716953606175,3.07456979227681,3.0547650887369437,20.2164173660736,3.054775286041932
10a_iliSum_v1-3,_ilinDt_Octfit_span0.4_degree2,4,2017-09-16,56,86,3.459942173774526,0.011138700892545001,3.4378149243649814,3.4602045883187813,3.479591981108986,3.4603134147210666,30.8295042044777,3.460393664813207
10a_iliSum_v1-3,_ilinDt_Octfit_span0.4_degree2,5,2017-09-16,01,87,2.654526947878531,0.01106720935274349,2.6336041851703182,2.654494143067511,2.6750302377040898,2.654455179291392,13.2159660490471,2.654365702628276
10a_iliSum_v1-3,_ilinDt_Octfit_span0.4_degree2,5,2017-09-16,05,88,2.3144107393790074,0.01106795502059847,2.2934113579979893,2.3143971440413673,2.3348527929940333,2.314368990800748,9.11775159506637,2.314291464774375
10a_iliSum_v1-3,_ilinDt_Octfit_span0.4_degree2,5,2017-09-16,04,89,1.9772514609017129,0.011069131132881252,1.9563907162358487,1.9772041055595118,1.9978044823724601,1.9771603949363754,6.22153643607969,1.9770677330465554
10a_iliSum_v1-3,_ilinDt_Octfit_span0.4_degree2,5,2017-09-16,06,90,2.2440351667579708,0.01107431933707571,2.2235644929677623,2.243892408296466,2.2649190455233956,2.243800569322924,8.42774402858194,2.243656834576117
10a_iliSum_v1-3,_ilinDt_Octfit_span0.4_degree2,5,2017-09-16,08,91,4.319846254079223,0.011144236656655794,4.297661406549799,4.320121162030883,4.33946323157903,4.32023682662791,74.2130537079494,4.320324802433274
10a_iliSum_v1-3,_ilinDt_Octfit_span0.4_degree2,5,2017-09-16,09,92,2.9696382776153265,0.011136258758001734,2.9475330780571585,2.9698959908373674,2.9893020832769728,2.9700008200185515,18.4933998287008,2.970075937952657
10a_iliSum_v1-3,_ilinDt_Octfit_span0.4_degree2,5,2017-09-16,10,93,3.036886868945159,0.011131022196707224,3.014829210630844,3.0371343303979494,3.056576928714235,3.037234846008408,19.8489931237254,3.0373056556507034
10a_iliSum_v1-3,_ilinDt_Octfit_span0.4_degree2,5,2017-09-16,12,94,3.2954710139169756,0.011108425477564118,3.2736753902395845,3.2956541363366134,3.3153368267599386,3.295721855833555,25.9977788140552,3.2957545964741803
10a_iliSum_v1-3,_ilinDt_Octfit_span0.4_degree2,5,2017-09-16,13,95,3.72802124158528,0.0111096899578743,3.7062028243299228,3.7282099893886826,3.74787166017393,3.7282799549353065,40.6089406868282,3.7283150645315932
10a_iliSum_v1-3,_ilinDt_Octfit_span0.4_degree2,5,2017-09-16,19,96,3.28533369346623,0.011086910719963037,3.263807269869713,3.285451558586653,3.3053794200346758,3.2854900768083852,25.7220415702196,3.2854887518207425
10a_iliSum_v1-3,_ilinDt_Octfit_span0.4_degree2,5,2017-09-16,16,97,2.733338702799792,0.011101589158816299,2.7116230448298144,2.733502572120133,2.7532550605911252,2.733563419992753,14.3880162690632,2.733589042146001
10a_iliSum_v1-3,_ilinDt_Octfit_span0.4_degree2,5,2017-09-16,17,98,3.1012834710351806,0.011114243359680743,3.0794040729410246,3.1014874734532336,3.121090484172051,3.1015661234980634,21.2337572636592,3.1016117314026874
10a_iliSum_v1-3,_ilinDt_Octfit_span0.4_degree2,5,2017-09-16,18,99,3.1384909646591552,0.011084852572996752,3.116997693978532,3.138600518880431,3.158560376898969,3.1386345225641405,22.0721848372151,3.1386277723921845
10a_iliSum_v1-3,_ilinDt_Octfit_span0.4_degree2,5,2017-09-16,20,100,2.071818455651842,0.011069983985175185,2.0512389798328776,2.071703897943493,2.09260294121054,2.0716253202491854,6.93668282240594,2.071495407411027
10a_iliSum_v1-3,_ilinDt_Octfit_span0.4_degree2,5,2017-09-16,21,101,3.3622399133387764,0.011088376742797286,3.3407063389305227,3.362358144555103,3.3822847499660655,3.3623942873772346,27.8580473719311,3.3623888924265306
10a_iliSum_v1-3,_ilinDt_Octfit_span0.4_degree2,5,2017-09-16,22,102,3.2358223323889144,0.011087306053950065,3.2143020797026165,3.2359380045276898,3.2558761332079382,3.235973399304694,24.4309741040751,3.2359678840120423
10a_iliSum_v1-3,_ilinDt_Octfit_span0.4_degree2,5,2017-09-16,25,103,3.115837232763312,0.011115683100623119,3.093945281491669,3.116044645439578,3.1356372389489695,3.1161242415403767,21.5598288833505,3.1161708416432243
10a_iliSum_v1-3,_ilinDt_Octfit_span0.4_degree2,5,2017-09-16,24,104,3.9914794528854785,0.011151572283877467,3.969220983637337,3.9917688180932096,4.011057812270645,3.991890225015949,53.162206294853,3.9919833643853293
10a_iliSum_v1-3,_ilinDt_Octfit_span0.4_degree2,5,2017-09-16,23,105,2.142175830714755,0.011085741378214404,2.1206714375750053,2.1422877254572548,2.162238756422639,2.1423219620159832,7.51913703017626,2.1423150481732978
10a_iliSum_v1-3,_ilinDt_Octfit_span0.4_degree2,5,2017-09-16,26,106,3.755719824877589,0.01110877237592943,3.7339002125730207,3.7559095824345166,3.7755668109473133,3.755981072132189,41.7777684678382,3.75601853931659
10a_iliSum_v1-3,_ilinDt_Octfit_span0.4_degree2,5,2017-09-16,27,107,2.4190528980709463,0.011146332883195156,2.39684876632755,2.4193311697155178,2.4386628663460557,2.419445995583521,10.2405968105795,2.4195319400825936
10a_iliSum_v1-3,_ilinDt_Octfit_span0.4_degree2,5,2017-09-16,29,108,2.5101037274319795,0.011080119756529139,2.4887005412472667,2.510191098174572,2.530238230037307,2.510214678925355,11.3073407334457,2.510195891956754
10a_iliSum_v1-3,_ilinDt_Octfit_span0.4_degree2,5,2017-09-16,28,109,3.080217855756518,0.011068018763444811,3.0593092090255065,3.0801814985899623,3.1007333491883893,3.0801408655920457,20.7594850061624,3.0800497547114607
10a_iliSum_v1-3,_ilinDt_Octfit_span0.4_degree2,5,2017-09-16,30,110,1.960624656128903,0.011086819554272822,1.9391097695820252,1.9607406923369262,1.9806801683082493,1.960778547961624,6.10484946395118,1.9607775739848738
10a_iliSum_v1-3,_ilinDt_Octfit_span0.4_degree2,5,2017-09-16,37,111,3.8415619195251334,0.011083358795902649,3.8201062124995357,3.841661273627903,3.86166039500601,3.841689115517827,45.6034364006509,3.841674280915994
10a_iliSum_v1-3,_ilinDt_Octfit_span0.4_degree2,5,2017-09-16,38,112,2.394170176157774,0.011071894849046141,2.372981319140571,2.3942036370567603,2.414464921954757,2.394200214188105,9.95888199630953,2.394150268680745
10a_iliSum_v1-3,_ilinDt_Octfit_span0.4_degree2,5,2017-09-16,31,113,3.0710674603195125,0.011093058056209292,3.0494604278050397,3.0712053121732676,3.09105929370493,3.0712526078658415,20.5691001483801,3.071261741792335
10a_iliSum_v1-3,_ilinDt_Octfit_span0.4_degree2,5,2017-09-16,33,114,2.654063357308882,0.011079463387744758,2.6337145886282674,2.6538850093628295,2.6750786416204977,2.653775590048297,13.2052755649794,2.653613414271767
10a_iliSum_v1-3,_ilinDt_Octfit_span0.4_degree2,5,2017-09-16,34,115,3.5695280274884857,0.011168558830988959,3.5471128718887024,3.5698495027410146,3.589023384377388,3.569987566463394,34.5201301604478,3.5700995825442767
10a_iliSum_v1-3,_ilinDt_Octfit_span0.4_degree2,5,2017-09-16,35,116,1.9507537902764656,0.011074609397916997,1.9294863051571711,1.9508076262606162,1.9709901087633883,1.950815125474326,6.03416004654571,1.9507782870692696
10a_iliSum_v1-3,_ilinDt_Octfit_span0.4_degree2,5,2017-09-16,32,117,2.3428685952087775,0.01106993946265091,2.321888415686014,2.342850351864751,2.363325614496911,2.342822030265047,9.40978036173632,2.342745783627765
10a_iliSum_v1-3,_ilinDt_Octfit_span0.4_degree2,5,2017-09-16,36,118,2.918731590910896,0.011152403470291998,2.8964583663434107,2.9190240983920916,2.9383006983491526,2.9191476261048557,17.5272638442623,2.919243368534228
10a_iliSum_v1-3,_ilinDt_Octfit_span0.4_degree2,5,2017-09-16,39,119,3.1897244968515786,0.011085519007085114,3.1682208452398055,3.189836062082982,3.2097875952854364,3.189870153177807,23.2850994778008,3.1898629720545357
10a_iliSum_v1-3,_ilinDt_Octfit_span0.4_degree2,5,2017-09-16,40,120,3.431205501935525,0.011070546620925726,3.4100497758171833,3.431231174890169,3.451524981406863,3.431224014872603,29.9127876242021,3.431169937266912
10a_iliSum_v1-3,_ilinDt_Octfit_span0.4_degree2,5,2017-09-16,41,121,2.966324767340293,0.011089469329098817,2.944769018912442,2.96644985251984,2.986351794132455,2.9664911318715617,18.4236853417664,2.966493215289862
10a_iliSum_v1-3,_ilinDt_Octfit_span0.4_degree2,5,2017-09-16,42,122,2.781470481420282,0.011129818915946471,2.7594319458720653,2.781712928429975,2.8011741908197263,2.7818103771662814,15.149309490253,2.781877292733115
10a_iliSum_v1-3,_ilinDt_Octfit_span0.4_degree2,5,2017-09-16,44,123,2.2972185532414104,0.011088987195745413,2.275685667218582,2.2973367882655715,2.3172637285134026,2.297373608760514,8.94797780719228,2.297369295057315
10a_iliSum_v1-3,_ilinDt_Octfit_span0.4_degree2,5,2017-09-16,45,124,4.391878973086689,0.011073171948701539,4.370672314792899,4.391916880292301,4.412163193241844,4.391914817024068,79.7910415497867,4.391866087471725
10a_iliSum_v1-3,_ilinDt_Octfit_span0.4_degree2,5,2017-09-16,46,125,3.9106307796782995,0.01111558340641751,3.888733119385173,3.910840324216445,3.9304236714823917,3.9109230899166083,48.9475979484235,3.910974414817593
10a_iliSum_v1-3,_ilinDt_Octfit_span0.4_degree2,5,2017-09-16,47,126,3.9565712747206367,0.01109103123696981,3.9349900504688993,3.9567012422632537,3.9765822692464186,3.956743147339407,51.2868315621073,3.9567445527919296
10a_iliSum_v1-3,_ilinDt_Octfit_span0.4_degree2,5,2017-09-16,48,127,3.613926238687547,0.01110291736098309,3.592177639403391,3.6140991631731727,3.6338192570252077,3.614164009577389,36.1214295530522,3.6141944188427217
10a_iliSum_v1-3,_ilinDt_Octfit_span0.4_degree2,5,2017-09-16,49,128,2.461852954969617,0.011080266538520442,2.4404679390523367,2.4619365034414917,2.4819990956419753,2.4619612314970816,10.7276020716132,2.4619452147948957
10a_iliSum_v1-3,_ilinDt_Octfit_span0.4_degree2,5,2017-09-16,51,129,3.5851825121145033,0.011119409200341827,3.5632468554181966,3.5854008090372,3.6049520778277007,3.5854866001979957,35.0728584336439,3.5855407386190508
10a_iliSum_v1-3,_ilinDt_Octfit_span0.4_degree2,5,2017-09-16,50,130,3.296404759626816,0.01114033371786899,3.274254496073545,3.296671098614928,3.316043543195178,3.296780567702034,26.0276545130458,3.2968605830510973
10a_iliSum_v1-3,_ilinDt_Octfit_span0.4_degree2,5,2017-09-16,53,131,3.1018324742252013,0.011120681328960732,3.0798807514886057,3.10205474633345,3.1215903959186377,3.1021431712087333,21.2468574576217,3.102200760777545
10a_iliSum_v1-3,_ilinDt_Octfit_span0.4_degree2,5,2017-09-16,55,132,3.013753784279272,0.011118552065456115,2.9918253914611865,3.01396927791636,3.0335295521489556,3.0140525509384575,19.3708093832883,3.0141029635332
10a_iliSum_v1-3,_ilinDt_Octfit_span0.4_degree2,5,2017-09-16,54,133,3.2113592448657036,0.011085826445669428,3.189855542986838,3.2114718741247685,3.2314209698546223,3.211508421694321,23.8164099551082,3.211505126087715
10a_iliSum_v1-3,_ilinDt_Octfit_span0.4_degree2,5,2017-09-16,56,134,3.647617725602218,0.011088185365945379,3.6260708368380636,3.647740457131085,3.6676489248345696,3.6477811625818783,37.3894440874058,3.647782528246381
10a_iliSum_v1-3,_ilinDt_Octfit_span0.4_degree2,6,2017-09-16,01,135,2.3591948336051773,0.011069506392381606,2.3380917483113826,2.359206646078907,2.3795537070365906,2.359192374053222,9.58174076859919,2.35912994679
10a_iliSum_v1-3,_ilinDt_Octfit_span0.4_degree2,6,2017-09-16,05,136,2.013716025856172,0.011079156940898283,1.9923405084047563,2.013796043366444,2.033871383228113,2.0138158086291673,6.49167396621726,2.01379226604513
10a_iliSum_v1-3,_ilinDt_Octfit_span0.4_degree2,6,2017-09-16,04,137,2.3513754245950933,0.01119361899027438,2.3287648298690184,2.3517353099318234,2.3707855763060333,2.351891815981323,9.50681527350142,2.352024120273074
10a_iliSum_v1-3,_ilinDt_Octfit_span0.4_degree2,6,2017-09-16,06,138,1.7931839751949374,0.011067667998603158,1.7722392843752128,1.7931573636820137,1.8136704651884006,1.7931225139983809,5.00767803573673,1.7930383237676772
10a_iliSum_v1-3,_ilinDt_Octfit_span0.4_degree2,6,2017-09-16,08,139,4.123399834313691,0.011097143730565582,4.101760301569059,4.123544805679634,4.143370504181144,4.123595762921673,60.7818264443067,4.123609250735969
10a_iliSum_v1-3,_ilinDt_Octfit_span0.4_degree2,6,2017-09-16,09,140,2.5172358470578615,0.011118154131183194,2.4953138551635075,2.517450762271463,2.537014951378984,2.5175345648332983,11.3986356003871,2.517586434330155
10a_iliSum_v1-3,_ilinDt_Octfit_span0.4_degree2,6,2017-09-16,10,141,2.5680730052607257,0.011116343327658073,2.5461688666478164,2.568283849973816,2.587863090663277,2.5683661552904535,12.045151658426,2.568416544310764
10a_iliSum_v1-3,_ilinDt_Octfit_span0.4_degree2,6,2017-09-16,12,142,3.0403271424937337,0.011159554017457957,3.017995873803438,3.0406320097869077,3.059865819106049,3.040761827392155,19.9233335082056,3.040864972019094
10a_iliSum_v1-3,_ilinDt_Octfit_span0.4_degree2,6,2017-09-16,13,143,3.3659035110600195,0.011084160368750982,3.3444407214995335,3.366004844603524,3.3859971121460806,3.3660339287696015,27.9630500425714,3.366020881121408
10a_iliSum_v1-3,_ilinDt_Octfit_span0.4_degree2,6,2017-09-16,19,144,2.536806744889897,0.011077395298145058,2.515465971052772,2.5368775270757085,2.5569880187400034,2.536892199852596,11.6399474056515,2.536862227764762
10a_iliSum_v1-3,_ilinDt_Octfit_span0.4_degree2,6,2017-09-16,16,145,2.347469578783101,0.011157504765525714,2.3251621588486904,2.347768284440096,2.3670233073498657,2.347894001549813,9.46453165447956,2.347991601382836
10a_iliSum_v1-3,_ilinDt_Octfit_span0.4_degree2,6,2017-09-16,17,146,2.2936911530485484,0.01108768191371795,2.2721514828872604,2.2938123245404394,2.3137285085359336,2.293851665135906,8.91304388528991,2.2938514540852375
10a_iliSum_v1-3,_ilinDt_Octfit_span0.4_degree2,6,2017-09-16,18,147,2.1725239052910847,0.011067335630034645,2.1515379269868498,2.1725080694239023,2.1929758424039125,2.1724800197068483,7.77936247853982,2.1724037943660774
10a_iliSum_v1-3,_ilinDt_Octfit_span0.4_degree2,6,2017-09-16,20,148,2.1295163866088784,0.0111077527377819,2.1077163750382795,2.1297014562838457,2.149378018471816,2.1297703546813764,7.41322651183561,2.1298050522328107
10a_iliSum_v1-3,_ilinDt_Octfit_span0.4_degree2,6,2017-09-16,21,149,2.9687911403177054,0.011112436896189213,2.9469310414954726,2.9689911185214037,2.9886101387401247,2.969068481658207,18.4746396677516,2.969113089287907
10a_iliSum_v1-3,_ilinDt_Octfit_span0.4_degree2,6,2017-09-16,22,150,2.645102551230133,0.011070713124967612,2.623960950693068,2.6451250016357233,2.6654337354381794,2.6451163345811874,13.0843037005441,2.6450609645752343
10a_iliSum_v1-3,_ilinDt_Octfit_span0.4_degree2,6,2017-09-16,25,151,2.8308375820750094,0.011114258784259938,2.8089521291039237,2.831043466828695,2.8506396356383785,2.8311233200741808,15.9653088787689,2.831170604894436
10a_iliSum_v1-3,_ilinDt_Octfit_span0.4_degree2,6,2017-09-16,24,152,3.3288802620250624,0.01112693574096893,3.3068696709887053,3.3291155477472465,3.348603328104616,3.3292084958636896,26.9179541303938,3.3292699990773174
10a_iliSum_v1-3,_ilinDt_Octfit_span0.4_degree2,6,2017-09-16,23,153,1.8233411909600357,0.011100989445248942,1.8016192620411458,1.823507832629555,1.8432538354711372,1.8235690368670958,5.19408806292364,1.823595298906134
10a_iliSum_v1-3,_ilinDt_Octfit_span0.4_degree2,6,2017-09-16,26,154,2.910064981736565,0.011070372018310544,2.888929213374789,2.9100854458485976,2.930399747780518,2.910075531095701,17.35713742826,2.910018459543108
10a_iliSum_v1-3,_ilinDt_Octfit_span0.4_degree2,6,2017-09-16,27,155,1.4895591807715056,0.011074576262851988,1.4682923405357955,1.489611532539222,1.5097973951499981,1.4896162546274696,3.43520927833881,1.4895748025487499
10a_iliSum_v1-3,_ilinDt_Octfit_span0.4_degree2,6,2017-09-16,29,156,1.9778369605219595,0.011093741677761266,1.9562117748019066,1.9779795332050119,1.9978153865579042,1.9780292043143497,6.22857167593642,1.9780414614585593
10a_iliSum_v1-3,_ilinDt_Octfit_span0.4_degree2,6,2017-09-16,28,157,3.349870690532253,0.011119504320510855,3.3279347665449905,3.350088176654422,3.3696404875292143,3.3501733601738994,27.5091876333223,3.35022640842259
10a_iliSum_v1-3,_ilinDt_Octfit_span0.4_degree2,6,2017-09-16,30,158,1.100868479771557,0.011067452415390004,1.0799866811723617,1.100827874342763,1.1214037590214916,1.1007887803568768,2.00627669364896,1.1007023342167823
10a_iliSum_v1-3,_ilinDt_Octfit_span0.4_degree2,6,2017-09-16,37,159,3.231039529027419,0.01108112664668826,3.2096336129218215,3.2311267675501845,3.251172981361208,3.2311500399382083,24.308247153262,3.231130317052584
10a_iliSum_v1-3,_ilinDt_Octfit_span0.4_degree2,6,2017-09-16,38,160,2.5435588296168654,0.011146005752155037,2.521354170153807,2.5438375442047994,2.563166436731191,2.5439537928863096,11.7310245369527,2.5440418914166427
10a_iliSum_v1-3,_ilinDt_Octfit_span0.4_degree2,6,2017-09-16,31,161,2.7100270735671,0.011082730703871956,2.688582210823728,2.710123790901422,2.7301328946961645,2.7101506394416925,14.0313012411086,2.710134776272106
10a_iliSum_v1-3,_ilinDt_Octfit_span0.4_degree2,6,2017-09-16,33,162,2.8869837298582013,0.011128733050623268,2.864953781175477,2.8872241611268086,2.906693431229254,2.887320108308887,16.9463236463644,2.887385283170196
10a_iliSum_v1-3,_ilinDt_Octfit_span0.4_degree2,6,2017-09-16,34,163,2.4360145778003024,0.01106945584543929,2.4149377928503344,2.43602077971434,2.4563946212321097,2.436004454833181,10.4265633827749,2.4359407661736148
10a_iliSum_v1-3,_ilinDt_Octfit_span0.4_degree2,6,2017-09-16,35,164,1.7710470665380273,0.011109918552505654,1.7492157699304327,1.7712403203060114,1.790884382702608,1.771315174550688,4.87882767243806,1.7713573665969071
10a_iliSum_v1-3,_ilinDt_Octfit_span0.4_degree2,6,2017-09-16,32,165,2.5078399080061735,0.011140228494104162,2.4857161818325286,2.5081008791849793,2.527496458486544,2.5082066451966436,11.2838132022497,2.5082823958730573
10a_iliSum_v1-3,_ilinDt_Octfit_span0.4_degree2,6,2017-09-16,36,166,1.3578426414869842,0.011071685463322455,1.3373351416913617,1.3577110519243971,1.3786861510410746,1.3576247252057967,2.88641371068447,1.3574868071219581
10a_iliSum_v1-3,_ilinDt_Octfit_span0.4_degree2,6,2017-09-16,39,167,2.650199606304045,0.011084966238568982,2.62870671721326,2.6503088214296704,2.6702701256803167,2.6503421569773526,13.158773648262,2.6503344777538334
10a_iliSum_v1-3,_ilinDt_Octfit_span0.4_degree2,6,2017-09-16,40,168,3.4533494679959453,0.011134178570849543,3.431261994041327,3.453603469542053,3.4730211187995508,3.453707591593404,30.6197596642671,3.453782231001874
10a_iliSum_v1-3,_ilinDt_Octfit_span0.4_degree2,6,2017-09-16,41,169,2.616744408849313,0.011128888630100009,2.5947078466726716,2.6169870753545377,2.63644736911538,2.6170855349045357,12.696689770146,2.6171541810215513
10a_iliSum_v1-3,_ilinDt_Octfit_span0.4_degree2,6,2017-09-16,42,170,2.4130443569823328,0.011139304732120664,2.390903907885445,2.4133101742972722,2.4326861044616694,2.4134206299600094,10.1730295118802,2.413502794918573
10a_iliSum_v1-3,_ilinDt_Octfit_span0.4_degree2,6,2017-09-16,44,171,0.5811258847617444,0.011185070655680604,0.5616265780429051,0.5806918189582525,0.603260927342031,0.5804531608936635,0.786325648597319,0.5801607998745285
10a_iliSum_v1-3,_ilinDt_Octfit_span0.4_degree2,6,2017-09-16,45,172,3.973597219972228,0.011082956275285617,3.9522722115264193,3.9736636626896913,3.993799619382843,3.973675806935087,52.177929467102,3.97364345062859
10a_iliSum_v1-3,_ilinDt_Octfit_span0.4_degree2,6,2017-09-16,46,173,3.1507519233201284,0.011073150740692738,3.1295329364989,3.1507927549688546,3.171022750165016,3.1507942045833013,22.3535714857856,3.150749926841937
10a_iliSum_v1-3,_ilinDt_Octfit_span0.4_degree2,6,2017-09-16,47,174,3.303836083542139,0.011077877277919583,3.2825163628617395,3.303901852637853,3.324034000462645,3.3039148337860964,26.2181373351678,3.3038835648733498
10a_iliSum_v1-3,_ilinDt_Octfit_span0.4_degree2,6,2017-09-16,48,175,3.031981008921506,0.011091408026890449,3.0103878731682974,3.0321155297323403,3.051980167680524,3.03216223905423,19.7422138784596,3.0321709414854925
10a_iliSum_v1-3,_ilinDt_Octfit_span0.4_degree2,6,2017-09-16,49,176,2.501712286299597,0.011148338360520146,2.4794973342209183,2.5019935403244187,2.5213127439045304,2.502112833616709,11.2093833801536,2.5022047856314624
10a_iliSum_v1-3,_ilinDt_Octfit_span0.4_degree2,6,2017-09-16,51,177,3.0927681155265385,0.011112464808013856,3.070907241927372,3.092967540412477,3.1125878657618253,3.093043628745544,21.0450055341885,3.0930860698504
10a_iliSum_v1-3,_ilinDt_Octfit_span0.4_degree2,6,2017-09-16,50,178,1.4628171008899444,0.011067079758735575,1.4420442537046225,1.4627488669749105,1.4834417568628526,1.4626933059359493,3.31711642835021,1.46258768594564
10a_iliSum_v1-3,_ilinDt_Octfit_span0.4_degree2,6,2017-09-16,53,179,2.1331478043268692,0.011083202483183592,2.111689956111285,2.1332485515282884,2.1532438246733867,2.133277834004336,7.44239036007057,2.133265486527054
10a_iliSum_v1-3,_ilinDt_Octfit_span0.4_degree2,6,2017-09-16,55,180,2.0091207852748263,0.011067495299813001,1.988111180237123,2.0091101790711505,2.0295534289240442,2.009084308499331,6.45593061351784,2.0090097712130888
10a_iliSum_v1-3,_ilinDt_Octfit_span0.4_degree2,6,2017-09-16,54,181,2.9880002574004783,0.011122566850851634,2.9660331013060683,2.988225861476046,3.007749349282336,2.988315251652264,18.8533636014514,2.9883734437327383
10a_iliSum_v1-3,_ilinDt_Octfit_span0.4_degree2,6,2017-09-16,56,182,3.608749098955067,0.011171017402563882,3.586308904612287,3.6090754720927674,3.628231092726384,3.6092162434798145,35.9413434529631,3.60933134262529
10a_iliSum_v1-3,_ilinDt_Octfit_span0.4_degree2,7,2017-09-16,01,183,3.0095097824445025,0.011143963487817068,2.9873141434167354,3.00978675232303,3.0291188279394925,3.00990421241994,19.2872851486641,3.0099943424538416
10a_iliSum_v1-3,_ilinDt_Octfit_span0.4_degree2,7,2017-09-16,05,184,2.4966120935644223,0.011126810129059143,2.474596656259805,2.496849656624564,2.516327862202966,2.4969461769403005,11.1461594538591,2.4970130254856295
10a_iliSum_v1-3,_ilinDt_Octfit_span0.4_degree2,7,2017-09-16,04,185,2.3810671721091183,0.01114808861177003,2.358837791209082,2.3813516823812093,2.400657659634201,2.3814728519238773,9.82184900848548,2.3815671468487207
10a_iliSum_v1-3,_ilinDt_Octfit_span0.4_degree2,7,2017-09-16,06,186,2.7777171075573612,0.0111247430281812,2.7557181759465332,2.7779510489937245,2.797442779480359,2.778045860529081,15.0885981135662,2.7781108294002523
10a_iliSum_v1-3,_ilinDt_Octfit_span0.4_degree2,7,2017-09-16,08,187,3.7025524783429105,0.01106792691186454,3.6815716992002074,3.7025353019724148,3.7230070614466935,3.7025080269989448,39.5458343699924,3.702433047047583
10a_iliSum_v1-3,_ilinDt_Octfit_span0.4_degree2,7,2017-09-16,09,188,2.3713661998056565,0.011081237411762764,2.3499392186825845,2.3714590322322215,2.391483400237014,2.3714847755097574,9.71310906277337,2.371468137642432
10a_iliSum_v1-3,_ilinDt_Octfit_span0.4_degree2,7,2017-09-16,10,189,2.252154267512565,0.011070862171722545,2.2309796633427625,2.252184923982057,2.2724580970383688,2.2521811516165946,8.50797989870934,2.2521314353507127
10a_iliSum_v1-3,_ilinDt_Octfit_span0.4_degree2,7,2017-09-16,12,190,1.5687292613274197,0.01115744595130746,1.5490717627467456,1.568344028312841,1.5906155108052982,1.56813035574549,3.79639234148545,1.5678640398004609
10a_iliSum_v1-3,_ilinDt_Octfit_span0.4_degree2,7,2017-09-16,13,191,3.8945394994072853,0.011121205026422887,3.872580084170722,3.894763922289746,3.9142897582592755,3.8948551792327653,48.1519499891331,3.8949165200509976
10a_iliSum_v1-3,_ilinDt_Octfit_span0.4_degree2,7,2017-09-16,19,192,3.021408044954807,0.011130026887994993,2.999354491223894,3.0216545594315893,3.0410977920264144,3.021756243192812,19.5287997146016,3.021828764372923
10a_iliSum_v1-3,_ilinDt_Octfit_span0.4_degree2,7,2017-09-16,17,193,2.223220098417721,0.011070404502076296,2.2020440169860764,2.2232516827675517,2.2435202025184853,2.223250143252856,8.23687725706809,2.22320386934075
10a_iliSum_v1-3,_ilinDt_Octfit_span0.4_degree2,7,2017-09-16,18,194,2.0981219828539657,0.011066101483121657,2.0772948820067922,2.0980679874071826,2.1186983528465744,2.098022434785789,7.14927605370142,2.0979290955406547
10a_iliSum_v1-3,_ilinDt_Octfit_span0.4_degree2,7,2017-09-16,20,195,2.1778700834840086,0.011095663697713453,2.1562097548576813,2.178021260412545,2.197822114275996,2.178076020914953,7.82946740976007,2.178094696801324
10a_iliSum_v1-3,_ilinDt_Octfit_span0.4_degree2,7,2017-09-16,21,196,3.2754330361080224,0.01112353729170546,3.253447753461357,3.275664254523519,3.2951654721944474,3.2757595698211137,25.4650785652031,3.275826073951042
10a_iliSum_v1-3,_ilinDt_Octfit_span0.4_degree2,7,2017-09-16,22,197,3.218745442062403,0.011129709599296492,3.1967002772802977,3.218990377271866,3.238442650995834,3.2190901636809417,24.0071196829694,3.2191605716427656
10a_iliSum_v1-3,_ilinDt_Octfit_span0.4_degree2,7,2017-09-16,25,198,2.426031270884502,0.01107068592519932,2.4048707710810273,2.4260579361455834,2.446345795055873,2.4260517904114156,10.3135259986853,2.4259990009297896
10a_iliSum_v1-3,_ilinDt_Octfit_span0.4_degree2,7,2017-09-16,24,199,2.449788626566676,0.011088509795745162,2.429582442641575,2.4495678235675533,2.470955845019714,2.449436610550149,10.5796667230091,2.449250691334235
10a_iliSum_v1-3,_ilinDt_Octfit_span0.4_degree2,7,2017-09-16,23,200,1.9692638115904,0.011099749594910877,1.947555872856918,1.9694267991365089,1.989185340977346,1.9694864837583221,6.16716949281558,1.9695108057925048
10a_iliSum_v1-3,_ilinDt_Octfit_span0.4_degree2,7,2017-09-16,26,201,2.9364675194099434,0.011072396776110476,2.915241426806182,2.936511501719892,2.9567318073045996,2.9365158599956542,17.8493062411279,2.9364761090325326
10a_iliSum_v1-3,_ilinDt_Octfit_span0.4_degree2,7,2017-09-16,27,202,1.5979238596127376,0.011069388300356984,1.5767925040588477,1.5979439459252966,1.6182587875267158,1.5979356271775411,3.94254905982239,1.5978812021281696
10a_iliSum_v1-3,_ilinDt_Octfit_span0.4_degree2,7,2017-09-16,29,203,1.9446407151331944,0.01108080646834258,1.9232156856107792,1.9447341186294373,1.9647565409260492,1.9447624882026506,5.99188471047221,1.9447501494404351
10a_iliSum_v1-3,_ilinDt_Octfit_span0.4_degree2,7,2017-09-16,28,204,3.7297182606218238,0.011188382873488441,3.707126923973951,3.730075964062995,3.7491281946530037,3.7302351312312143,40.6946319389848,3.7303723900382955
10a_iliSum_v1-3,_ilinDt_Octfit_span0.4_degree2,7,2017-09-16,37,205,3.795408426178998,0.011157653651073003,3.773082009815423,3.7957126023677614,3.8149456432094495,3.7958442269935504,43.5205078276242,3.795949933072391
10a_iliSum_v1-3,_ilinDt_Octfit_span0.4_degree2,7,2017-09-16,38,206,2.5747235130169384,0.011132612825706536,2.5526546454258723,2.5749739605818203,2.5944060316017867,2.5750766853667586,12.1332926784423,2.5751504320809087
10a_iliSum_v1-3,_ilinDt_Octfit_span0.4_degree2,7,2017-09-16,31,207,3.396713956509918,0.011161472327145702,3.3743519567680096,3.397025120418753,3.416232612736963,3.397160159664709,28.8823992396498,3.397269652879425
10a_iliSum_v1-3,_ilinDt_Octfit_span0.4_degree2,7,2017-09-16,33,208,2.522214995945871,0.011138055631266554,2.5001039867765904,2.522473117065799,2.541878587791018,2.522577070370683,11.4615840050886,2.5226506324935007
10a_iliSum_v1-3,_ilinDt_Octfit_span0.4_degree2,7,2017-09-16,34,209,3.0276939818097666,0.011109724243504464,3.005867316169514,3.027885419885392,3.0475357084921466,3.0279583806747707,19.655833184,3.027997758161529
10a_iliSum_v1-3,_ilinDt_Octfit_span0.4_degree2,7,2017-09-16,35,210,1.6939597521414076,0.011089616000414172,1.6723870375844292,1.6940891985671633,1.713972369174563,1.6941334334632425,4.44195935287751,1.6941391711816554
10a_iliSum_v1-3,_ilinDt_Octfit_span0.4_degree2,7,2017-09-16,32,211,2.5848485034661546,0.01108999889807601,2.5632811293908655,2.5849763264818537,2.604865548906206,2.585019810468942,12.2636154884834,2.585024608865645
10a_iliSum_v1-3,_ilinDt_Octfit_span0.4_degree2,7,2017-09-16,36,212,2.901597905654255,0.011218512168121773,2.8787733199413936,2.902000070252569,2.9209233686159726,2.9021800612992616,17.2167242360573,2.902340086208765
10a_iliSum_v1-3,_ilinDt_Octfit_span0.4_degree2,7,2017-09-16,39,213,2.4527440097077324,0.01106961269981409,2.4316043169738335,2.4527667291112922,2.4730730644818726,2.4527601886739383,10.6197731219106,2.4527082264406066
10a_iliSum_v1-3,_ilinDt_Octfit_span0.4_degree2,7,2017-09-16,40,214,3.553394770728318,0.011137544536216456,3.5312626604470325,3.5536577527860613,3.5730408188325593,3.5537668226499193,33.9475009747834,3.5538469632559395
10a_iliSum_v1-3,_ilinDt_Octfit_span0.4_degree2,7,2017-09-16,41,215,2.678873838411204,0.011107417837197592,2.6570662034156265,2.6790614029590136,2.698725510201887,2.679134043323383,13.5730473907495,2.679173753501909
10a_iliSum_v1-3,_ilinDt_Octfit_span0.4_degree2,7,2017-09-16,42,216,1.206071193751587,0.011139689209260813,1.1863195776301423,1.2057152194930232,1.2278111520117976,1.2055151572720029,2.33763331218105,1.2052619666532978
10a_iliSum_v1-3,_ilinDt_Octfit_span0.4_degree2,7,2017-09-16,44,217,2.0629755212463334,0.011076929224145684,2.0416759775816353,2.06303648380823,2.0831890211552713,2.063046899899428,6.86964299802209,2.063012699014396
10a_iliSum_v1-3,_ilinDt_Octfit_span0.4_degree2,7,2017-09-16,45,218,4.216964733165875,0.011078854959435756,4.195597641471379,4.2170435264552175,4.2371242947146355,4.217064810749723,66.8326955647184,4.217044314176018
10a_iliSum_v1-3,_ilinDt_Octfit_span0.4_degree2,7,2017-09-16,46,219,3.869050114957174,0.01115086514922145,3.846787508770366,3.8693406393061798,3.888623111413838,3.8694642650019135,46.921320806697,3.869560516171443
10a_iliSum_v1-3,_ilinDt_Octfit_span0.4_degree2,7,2017-09-16,47,220,3.858734495300241,0.011132333967413484,3.836658844823757,3.8589866658376524,3.87840939691889,3.859091925114424,46.4259174580047,3.859168861084768
10a_iliSum_v1-3,_ilinDt_Octfit_span0.4_degree2,7,2017-09-16,48,221,2.981414892748121,0.011084833379177195,2.959918429502905,2.9815251078514633,3.0014808189843745,2.9815600347685454,18.7184423344849,2.9815543569312006
10a_iliSum_v1-3,_ilinDt_Octfit_span0.4_degree2,7,2017-09-16,49,222,2.604281051763377,0.011165077120995305,2.581912843654057,2.6045926089094427,2.6238028236162214,2.604725120709769,12.5289336064554,2.604830622110874
10a_iliSum_v1-3,_ilinDt_Octfit_span0.4_degree2,7,2017-09-16,51,223,2.7181074951859747,0.011068384099736305,2.697038830769705,2.718111503078625,2.7384920131726664,2.7180941113459225,14.1504303053583,2.718028934545968
10a_iliSum_v1-3,_ilinDt_Octfit_span0.4_degree2,7,2017-09-16,50,224,1.0620964765348007,0.011074176851995151,1.0416401153522774,1.0619491578683542,1.0829941940414094,1.061853845289477,1.89129777974096,1.0617054600615383
10a_iliSum_v1-3,_ilinDt_Octfit_span0.4_degree2,7,2017-09-16,53,225,2.578735161772665,0.011106533845135746,2.5569394920604265,2.5789188859202055,2.598597076882878,2.578988020733561,12.184248711564,2.579022837640576
10a_iliSum_v1-3,_ilinDt_Octfit_span0.4_degree2,7,2017-09-16,55,226,2.344365548993323,0.011084460654271697,2.3228715921313223,2.3444757128413674,2.3644321816536453,2.3445114727755834,9.42813468352906,2.344507411554503
10a_iliSum_v1-3,_ilinDt_Octfit_span0.4_degree2,7,2017-09-16,54,227,2.760827022882868,0.011080999377560127,2.739403019384412,2.7609191058024796,2.7809455652108217,2.7609449415124256,14.8145202815923,2.7609285231702883
10a_iliSum_v1-3,_ilinDt_Octfit_span0.4_degree2,7,2017-09-16,56,228,3.0723953769524512,0.011078253934774797,3.0510273310052227,3.072473490125107,3.092554625775204,3.0724928208942126,20.5951512464819,3.072468810161322
10a_iliSum_v1-3,_ilinDt_Octfit_span0.4_degree2,8,2017-09-16,01,229,3.5833047135202363,0.011132997464752884,3.561228637596323,3.583555834442843,3.60298371706527,3.583657882258886,35.0075966618584,3.583729934579818
10a_iliSum_v1-3,_ilinDt_Octfit_span0.4_degree2,8,2017-09-16,05,230,3.139354738605618,0.011113508298476467,3.1174824447818343,3.1395578645279474,3.159164390097716,3.139637666999886,22.0966043386462,3.1396856083954305
10a_iliSum_v1-3,_ilinDt_Octfit_span0.4_degree2,8,2017-09-16,04,231,3.219144044611535,0.011142974326406043,3.196971990350728,3.219415659521742,3.2387702268270515,3.2195282870179183,24.0184182064186,3.2196122818739
10a_iliSum_v1-3,_ilinDt_Octfit_span0.4_degree2,8,2017-09-16,06,232,3.5418392423146083,0.011103748389648649,3.5200854925675285,3.5420133528660176,3.561730457697951,3.5420778807772915,33.5396416570946,3.542107697942497
10a_iliSum_v1-3,_ilinDt_Octfit_span0.4_degree2,8,2017-09-16,08,233,4.373012760844517,0.011077330492590217,4.351681677792872,4.37308211438031,4.39320019483533,4.373097904853262,78.2866971038038,4.373070360518124
10a_iliSum_v1-3,_ilinDt_Octfit_span0.4_degree2,8,2017-09-16,09,234,3.120098386470405,0.011078009982697107,3.098736399197739,3.120175528719593,3.140262551003284,3.120194471935716,21.6502411645159,3.120170499312355
10a_iliSum_v1-3,_ilinDt_Octfit_span0.4_degree2,8,2017-09-16,10,235,3.236934319822205,0.011067630957569276,3.215929901673957,3.236922825438963,3.2573715529926734,3.236896835132249,24.4527200696296,3.236822616249217
10a_iliSum_v1-3,_ilinDt_Octfit_span0.4_degree2,8,2017-09-16,12,236,3.2638038489680516,0.01107587267268259,3.2425356371565606,3.2638568602287044,3.2840422466751282,3.2638625460472044,25.1493091138064,3.263822770039788
10a_iliSum_v1-3,_ilinDt_Octfit_span0.4_degree2,8,2017-09-16,13,237,4.172647828596492,0.011081799677053545,4.151211999905945,4.172742740300388,4.192759199727737,4.172769143070122,63.8938647557691,4.17275308543203
10a_iliSum_v1-3,_ilinDt_Octfit_span0.4_degree2,8,2017-09-16,19,238,3.455702806415735,0.011093698798914057,3.4340728914468333,3.4558458816958684,3.475675646791461,3.4558968206621796,30.6871175576658,3.4559102120924794
10a_iliSum_v1-3,_ilinDt_Octfit_span0.4_degree2,8,2017-09-16,16,239,2.3820026675139108,0.011073462066246837,2.3607965706013436,2.3820397993195757,2.402285229182917,2.38203824330221,9.82642713223491,2.3819901018949254
10a_iliSum_v1-3,_ilinDt_Octfit_span0.4_degree2,8,2017-09-16,17,240,3.126148584482277,0.011085951959850028,3.1046348509901334,3.126263002552301,3.1462037537752776,3.1262990478102477,21.7893804816738,3.126294659108985
10a_iliSum_v1-3,_ilinDt_Octfit_span0.4_degree2,8,2017-09-16,18,241,3.519744026831956,0.011097838424707141,3.4980607467381866,3.5199003419297332,3.539683407535933,3.519955868433516,32.783575380961,3.5199747489095414
10a_iliSum_v1-3,_ilinDt_Octfit_span0.4_degree2,8,2017-09-16,20,242,2.932431595839321,0.011099748912158303,2.9107197358414996,2.932594731708543,2.9523508308724935,2.9326537581244714,17.7778257563414,2.9326766926550256
10a_iliSum_v1-3,_ilinDt_Octfit_span0.4_degree2,8,2017-09-16,21,243,4.772188615055243,0.011068824734667337,4.751223928086356,4.772167359280111,4.792659101407266,4.772136906750554,117.162213685095,4.772058372687909
10a_iliSum_v1-3,_ilinDt_Octfit_span0.4_degree2,8,2017-09-16,22,244,3.7356201611581095,0.011074462246468894,3.7143628280474115,3.7356708293172836,3.755864586561652,3.735675998092638,40.9146674316046,3.7356358237055964
10a_iliSum_v1-3,_ilinDt_Octfit_span0.4_degree2,8,2017-09-16,25,245,3.1851386626989617,0.01107468959171871,3.16387188021655,3.18519149567355,3.20537519715226,3.1851979661670278,23.1711377311839,3.1851592656465906
10a_iliSum_v1-3,_ilinDt_Octfit_span0.4_degree2,8,2017-09-16,24,246,3.934746310679611,0.011108474010855643,3.912933916989959,3.934933790643795,3.954599506773778,3.935003463021368,50.1641159008098,3.9350384250150476
10a_iliSum_v1-3,_ilinDt_Octfit_span0.4_degree2,8,2017-09-16,23,247,2.8375544524735496,0.011108816146450812,2.8157437449469445,2.837742383251372,2.8574077004991145,2.8378135693901103,16.0790264717501,2.837851188594873
10a_iliSum_v1-3,_ilinDt_Octfit_span0.4_degree2,8,2017-09-16,26,248,3.618554714090214,0.011073471576726387,3.5973019725613495,3.618604183869461,3.638800667674383,3.6186091669407188,36.2841678356318,3.6185687817345302
10a_iliSum_v1-3,_ilinDt_Octfit_span0.4_degree2,8,2017-09-16,27,249,2.4782525641448236,0.011074763049137225,2.456974425035755,2.478308035666552,2.498480656199005,2.4783153043792057,10.9207096604242,2.4782771951355365
10a_iliSum_v1-3,_ilinDt_Octfit_span0.4_degree2,8,2017-09-16,29,250,2.6089225232925384,0.011085953364829947,2.5874081762128367,2.609036851537896,2.6289772644726144,2.609072646600172,12.5863769161833,2.6090675933684775
10a_iliSum_v1-3,_ilinDt_Octfit_span0.4_degree2,8,2017-09-16,28,251,4.187858925535352,0.01112504445761933,4.165859810919633,4.188092111716516,4.207586457923953,4.188185351170338,64.9072076658819,4.1882478083028385
10a_iliSum_v1-3,_ilinDt_Octfit_span0.4_degree2,8,2017-09-16,30,252,1.8846403507856948,0.011072461144471971,1.8634510759140064,1.8846737229618815,1.9049364657657541,1.8846697182304049,5.58384522724803,1.8846189556938526
10a_iliSum_v1-3,_ilinDt_Octfit_span0.4_degree2,8,2017-09-16,37,253,4.107852075337504,0.011093518714588722,4.086230966536706,4.107992493247615,4.127834262401504,4.10804006788655,59.8279119008345,4.108048760944726
10a_iliSum_v1-3,_ilinDt_Octfit_span0.4_degree2,8,2017-09-16,38,254,3.476164710186591,0.011076856359895257,3.454850893291569,3.4762300021777595,3.4963659427976808,3.4762435565215575,31.3370530006351,3.476213724475291
10a_iliSum_v1-3,_ilinDt_Octfit_span0.4_degree2,8,2017-09-16,31,255,4.013473654964668,0.011150391554091232,3.9912184320407085,4.013762863075917,4.03305050694662,4.013886056698657,54.3669024254474,4.0139819860777886
10a_iliSum_v1-3,_ilinDt_Octfit_span0.4_degree2,8,2017-09-16,33,256,3.2750423671845383,0.011135387382027257,3.252957405982775,3.2752949908767715,3.294719632359067,3.275396558055729,25.4555955501771,3.275467687921914
10a_iliSum_v1-3,_ilinDt_Octfit_span0.4_degree2,8,2017-09-16,34,257,3.7201846369843996,0.01107896299477405,3.6988125771350444,3.720264144783281,3.7403412789499613,3.7202846783402994,40.2752339822946,3.7202626586525005
10a_iliSum_v1-3,_ilinDt_Octfit_span0.4_degree2,8,2017-09-16,35,258,2.81347756769334,0.011114030168036792,2.791595663064672,2.8136825844819384,2.833281127717419,2.813762665673694,15.6733289778097,2.813810375554402
10a_iliSum_v1-3,_ilinDt_Octfit_span0.4_degree2,8,2017-09-16,32,259,3.234011989245693,0.011089357671958485,3.212453446367786,3.2341371445170823,3.2540362574458066,3.234178371771146,24.3855460346927,3.2341799582996984
10a_iliSum_v1-3,_ilinDt_Octfit_span0.4_degree2,8,2017-09-16,36,260,3.3186614237835403,0.011119503307846425,3.29671968488792,3.3188813850899965,3.338425111421687,3.318968990093929,26.6334131073588,3.319025660345648
10a_iliSum_v1-3,_ilinDt_Octfit_span0.4_degree2,8,2017-09-16,39,261,3.5000674492253734,0.011069545382596907,3.4789429275155817,3.5000857733510355,3.520409716737338,3.5000755599306674,32.1160698639085,3.5000186589466526
10a_iliSum_v1-3,_ilinDt_Octfit_span0.4_degree2,8,2017-09-16,40,262,4.233647530312295,0.011117128879158904,4.2117324594794585,4.233860209414014,4.2534292918285335,4.233943999835719,67.9923698084662,4.2339959159965685
10a_iliSum_v1-3,_ilinDt_Octfit_span0.4_degree2,8,2017-09-16,41,263,2.914028840513004,0.011070203795755726,2.892899522443989,2.9140486414166022,2.9343662308415177,2.9140408512908573,17.4301392886391,2.913987329365549
10a_iliSum_v1-3,_ilinDt_Octfit_span0.4_degree2,8,2017-09-16,42,264,3.054178428291021,0.011082613999242917,3.0327304294718385,3.0542760813213268,3.074281435277635,3.0543035994291072,20.2060988245824,3.054288820710724
10a_iliSum_v1-3,_ilinDt_Octfit_span0.4_degree2,8,2017-09-16,44,265,3.849435172054902,0.011224091241974895,3.826582187849538,3.8498433479356,3.868751040815659,3.8500267426291264,46.0020447671039,3.8501911064467755
10a_iliSum_v1-3,_ilinDt_Octfit_span0.4_degree2,8,2017-09-16,45,266,4.763004575989165,0.01107031452357858,4.7418960281336116,4.763018638214635,4.783361926229919,4.763005352303465,116.090216354414,4.762944717620597
10a_iliSum_v1-3,_ilinDt_Octfit_span0.4_degree2,8,2017-09-16,46,267,3.903976738461355,0.01109147482884661,3.8823829891681494,3.9041105357691914,3.923976147224436,3.90415612073422,48.6085235145919,3.904162664019468
10a_iliSum_v1-3,_ilinDt_Octfit_span0.4_degree2,8,2017-09-16,47,268,4.346408999373578,0.011073084845020006,4.325170507957716,4.346454876011461,4.366665637861652,4.346458350980925,76.2012945734422,4.34641622597617
10a_iliSum_v1-3,_ilinDt_Octfit_span0.4_degree2,8,2017-09-16,48,269,3.676733715971734,0.011076377000381731,3.6554162236673124,3.6767985253686932,3.696931874358676,3.67681045099739,38.5188319812666,3.676777317313012
10a_iliSum_v1-3,_ilinDt_Octfit_span0.4_degree2,8,2017-09-16,49,270,3.4716617476151987,0.011160009014543384,3.4493284274235765,3.4719668705197484,3.491197693873982,3.472098143445157,31.2076241185338,3.4722031983913637
10a_iliSum_v1-3,_ilinDt_Octfit_span0.4_degree2,8,2017-09-16,51,271,3.7491684350512697,0.011094003307776214,3.7275448115315206,3.749309213866279,3.769149834794636,3.7493565440998267,41.4940850886308,3.74936489185956
10a_iliSum_v1-3,_ilinDt_Octfit_span0.4_degree2,8,2017-09-16,50,272,1.738150838503267,0.011069818365921223,1.7175186420623225,1.738048473511645,1.7588918974216126,1.737976028947155,4.68512134826531,1.7378524723159943
10a_iliSum_v1-3,_ilinDt_Octfit_span0.4_degree2,8,2017-09-16,53,273,2.9755437760869405,0.011067733233032189,2.9545141685297147,2.9755385582124227,2.9959600073821426,2.9755162256834553,18.5983632301709,2.9754460540846788
10a_iliSum_v1-3,_ilinDt_Octfit_span0.4_degree2,8,2017-09-16,55,274,3.081167802533601,0.011090912528431845,3.059584084460456,3.081299429635399,3.1011749715939887,3.08134359179387,20.7877657205936,3.0813486067829494
10a_iliSum_v1-3,_ilinDt_Octfit_span0.4_degree2,8,2017-09-16,54,275,3.8306873010268028,0.01111568145126157,3.808792285549779,3.8308955255032995,3.8504838870337452,3.830976317596233,45.109759957779,3.831024640344708
10a_iliSum_v1-3,_ilinDt_Octfit_span0.4_degree2,8,2017-09-16,56,276,3.6053825186152553,0.011073042172595016,3.584145142887908,3.6054280260719374,3.6256395050865495,3.605431459604374,35.796006429483,3.6053893183481
10a_iliSum_v1-3,_ilinDt_Octfit_span0.4_degree2,9,2017-09-16,01,277,2.6095584772473646,0.011150286358131346,2.587308437259726,2.609845638433732,2.6291425373358,2.6099651435442195,12.599808941188,2.6100557442012673
10a_iliSum_v1-3,_ilinDt_Octfit_span0.4_degree2,9,2017-09-16,05,278,2.14180948054582,0.011102497922658924,2.120074751465119,2.141977771894499,2.1617162396051195,2.1420377123579435,7.51697315888617,2.1420610146788306
10a_iliSum_v1-3,_ilinDt_Octfit_span0.4_degree2,9,2017-09-16,06,279,2.198533106345748,0.011068104669431443,2.1775845371594764,2.1985065062407605,2.2190180425225416,2.1984702599631225,8.01043878151323,2.1983837698255053
10a_iliSum_v1-3,_ilinDt_Octfit_span0.4_degree2,9,2017-09-16,08,280,3.1186562233038635,0.011069241937590738,3.0975949664048046,3.118657211529224,3.139050607788863,3.1186356006507028,21.6138935352694,3.1185644755895896
10a_iliSum_v1-3,_ilinDt_Octfit_span0.4_degree2,9,2017-09-16,09,281,2.465517781645972,0.011083998386688956,2.444045535849778,2.465621402879887,2.4856048877240253,2.4656508134408237,10.7709876472302,2.465637830005802
10a_iliSum_v1-3,_ilinDt_Octfit_span0.4_degree2,9,2017-09-16,10,282,2.584825437621586,0.01110103090758541,2.563106526729037,2.5849902541126855,2.604742823746538,2.5850485902778666,12.2642208990988,2.585070252287646
10a_iliSum_v1-3,_ilinDt_Octfit_span0.4_degree2,9,2017-09-16,12,283,3.0145739394223776,0.011165505948630361,2.9921938195130466,3.014887822207848,3.034090458716226,3.0150206360388214,19.3916647777442,3.015126228028543
10a_iliSum_v1-3,_ilinDt_Octfit_span0.4_degree2,9,2017-09-16,13,284,3.2911757636390817,0.011077237181723239,3.2698536278725623,3.291241142517853,3.3113742434088,3.2912512675037213,25.875504813039,3.2912152700124007
10a_iliSum_v1-3,_ilinDt_Octfit_span0.4_degree2,9,2017-09-16,19,285,2.195651153707878,0.011076552695243963,2.1743300075325145,2.195716034811607,2.215848626165987,2.1957263710614146,7.98620290658593,2.1956903906941645
10a_iliSum_v1-3,_ilinDt_Octfit_span0.4_degree2,9,2017-09-16,17,286,2.02317070670228,0.011074322619447078,2.0019075734504783,2.0232223767710487,2.04341093858755,2.0232272965118905,6.56238354878342,2.023186424730424
10a_iliSum_v1-3,_ilinDt_Octfit_span0.4_degree2,9,2017-09-16,18,287,2.148484846864151,0.011067974285095842,2.1274721094074964,2.148475421027403,2.1689160628915802,2.1484504218146174,7.57093978280404,2.1483773862012523
10a_iliSum_v1-3,_ilinDt_Octfit_span0.4_degree2,9,2017-09-16,20,288,1.0273240171390494,0.011074968946984431,1.0068838754152538,1.0271721620840144,1.0482421787956724,1.0270738498622416,1.79245842329318,1.0269223631460584
10a_iliSum_v1-3,_ilinDt_Octfit_span0.4_degree2,9,2017-09-16,21,289,4.015863128954183,0.011083035416556346,3.994446097659277,4.015952468476589,4.035993047569162,4.015974709337267,54.4761565779638,4.015953317235195
10a_iliSum_v1-3,_ilinDt_Octfit_span0.4_degree2,9,2017-09-16,22,290,2.996472572275611,0.011092558630772117,2.974877941977903,2.99660587592063,3.0164762443657764,2.9966487819112433,19.0183943458732,2.9966515681668455
10a_iliSum_v1-3,_ilinDt_Octfit_span0.4_degree2,9,2017-09-16,25,291,2.053843592886586,0.011067750701737463,2.0329519694408393,2.053803580648593,2.0743727209662124,2.05376150181929,6.79645684908561,2.0536693803754775
10a_iliSum_v1-3,_ilinDt_Octfit_span0.4_degree2,9,2017-09-16,24,292,3.406701135725,0.011183263290976313,3.3841563588229087,3.407047406845325,3.42613560824739,3.4071966241601443,29.1842500357885,3.40732026634717
10a_iliSum_v1-3,_ilinDt_Octfit_span0.4_degree2,9,2017-09-16,23,293,1.5027898074038266,0.011068724972745372,1.4817378843837863,1.5027896340368023,1.5231912829254193,1.502768343467286,3.49379909764629,1.502698468190269
10a_iliSum_v1-3,_ilinDt_Octfit_span0.4_degree2,9,2017-09-16,26,294,2.855038449967665,0.01109581450352515,2.8333947453943815,2.8551844030076636,2.8750077234297944,2.8552335403143676,16.3786785560119,2.855244084496224
10a_iliSum_v1-3,_ilinDt_Octfit_span0.4_degree2,9,2017-09-16,27,295,1.5743542572136038,0.01107391067780879,1.5531113249708213,1.5744020706242483,1.594609665893036,1.5744065021611402,3.82768078332854,1.5743661832632727
10a_iliSum_v1-3,_ilinDt_Octfit_span0.4_degree2,9,2017-09-16,29,296,1.0061959825464042,0.011071707847714489,0.9856751084082989,1.0060666949669308,1.0270283381937753,1.0059801378565927,1.73420508336493,1.0058407476921885
10a_iliSum_v1-3,_ilinDt_Octfit_span0.4_degree2,9,2017-09-16,28,297,3.5176887848944833,0.011192942248493636,3.4950717508347062,3.5180501350235045,3.5370945641234592,3.5182077492107866,32.7284484590075,3.5183416491720427
10a_iliSum_v1-3,_ilinDt_Octfit_span0.4_degree2,9,2017-09-16,30,298,1.2979298258438277,0.011137200728067764,1.275824118565619,1.2981863710155614,1.3175971161457336,1.2982891686736575,2.66328862030108,1.298361274113627
10a_iliSum_v1-3,_ilinDt_Octfit_span0.4_degree2,9,2017-09-16,37,299,3.188773427414343,0.011105488341620331,3.1669914900048113,3.188953035747273,3.208646816111249,3.1890186148409816,23.2653222749389,3.1890482642418396
10a_iliSum_v1-3,_ilinDt_Octfit_span0.4_degree2,9,2017-09-16,38,300,2.5792341119708397,0.011094159243992461,2.557616067774005,2.579373979241474,2.599220432566022,2.579420847117738,12.1896040564406,2.5794289478132013
10a_iliSum_v1-3,_ilinDt_Octfit_span0.4_degree2,9,2017-09-16,31,301,2.248758702856305,0.011072457598703917,2.22756880861897,2.248791775037856,2.269056060686977,2.2487861791166615,8.47571948172396,2.2487326828321854
10a_iliSum_v1-3,_ilinDt_Octfit_span0.4_degree2,9,2017-09-16,33,302,1.9578260921844663,0.011069563069372523,1.9367456819330886,1.9578319065018337,1.9782068053146942,1.9578121383844915,6.08332041812943,1.9577427833777499
10a_iliSum_v1-3,_ilinDt_Octfit_span0.4_degree2,9,2017-09-16,34,303,2.6439953503716787,0.011077741430183682,2.622667307847891,2.644062521618997,2.6641895115336802,2.64407381392289,13.0699230921138,2.6440394050213656
10a_iliSum_v1-3,_ilinDt_Octfit_span0.4_degree2,9,2017-09-16,35,304,1.760297329141467,0.011116950467724523,1.7383914967944285,1.7605073137447207,1.7800898325097803,1.7605871052180488,4.81612011104205,1.7606333918477606
10a_iliSum_v1-3,_ilinDt_Octfit_span0.4_degree2,9,2017-09-16,32,305,1.7912944672973168,0.011076884595912105,1.770876431437622,1.7911350893477187,1.8122355328442012,1.791032522172886,4.99469957192126,1.7908756741163945
10a_iliSum_v1-3,_ilinDt_Octfit_span0.4_degree2,9,2017-09-16,36,306,2.421513023780932,0.011103803391911273,2.399754233464462,2.421687203712102,2.4414020719226173,2.4217503357929977,10.2658652573231,2.421777380284108
10a_iliSum_v1-3,_ilinDt_Octfit_span0.4_degree2,9,2017-09-16,39,307,2.7598309152511376,0.011105220941792131,2.7380579015175504,2.7600097812840856,2.7797094924558428,2.760076249475735,14.8015541168603,2.760108297022315
10a_iliSum_v1-3,_ilinDt_Octfit_span0.4_degree2,9,2017-09-16,40,308,2.5366662864325744,0.011070359483895538,2.5155204858183455,2.5366883533240316,2.556994600432268,2.5366776362491534,11.6368648173716,2.5366183213521984
10a_iliSum_v1-3,_ilinDt_Octfit_span0.4_degree2,9,2017-09-16,41,309,1.982730450950307,0.011092479228177266,1.96112878543707,1.9828656411209897,2.002728174666475,1.9829095652547712,6.26387566251376,1.982913524207804
10a_iliSum_v1-3,_ilinDt_Octfit_span0.4_degree2,9,2017-09-16,42,310,2.0675261969246033,0.011101770751617094,2.0457940270676516,2.067694353992373,2.0874336976057792,2.0677545703592006,6.90723783457761,2.0677785216268916
10a_iliSum_v1-3,_ilinDt_Octfit_span0.4_degree2,9,2017-09-16,44,311,3.1347430087369825,0.011225357238997626,3.1118829584748413,3.135151395718752,3.1540598799603377,3.1353326665619514,21.9999800660053,3.1354933492333523
10a_iliSum_v1-3,_ilinDt_Octfit_span0.4_degree2,9,2017-09-16,45,312,4.224575996505143,0.011178647421849803,4.202077602407194,4.224913438246162,4.244032992603789,4.225057484345652,67.3864982936983,4.225175411776886
10a_iliSum_v1-3,_ilinDt_Octfit_span0.4_degree2,9,2017-09-16,46,313,2.5257495858137444,0.011077522954329512,2.5044225497231696,2.5258155666190385,2.5459453978925106,2.5258251904587783,11.5007396928813,2.525787817987963
10a_iliSum_v1-3,_ilinDt_Octfit_span0.4_degree2,9,2017-09-16,47,314,3.377717628380742,0.011075942424459717,3.356408552988981,3.377780434326512,3.3979232932108387,3.377790610655338,28.304916671534,3.377755306434638
10a_iliSum_v1-3,_ilinDt_Octfit_span0.4_degree2,9,2017-09-16,48,315,3.31562985682057,0.011191941685735802,3.293018831132343,3.315987641622207,3.335043291392728,3.3161405214106927,26.5572862543206,3.3162669744729203
10a_iliSum_v1-3,_ilinDt_Octfit_span0.4_degree2,9,2017-09-16,49,316,1.2601821854609032,0.011070253383620414,1.2392381286360568,1.2601534362373101,1.2806747909980274,1.2601146350521157,2.52550770298459,1.260024455108507
10a_iliSum_v1-3,_ilinDt_Octfit_span0.4_degree2,9,2017-09-16,51,317,3.2131644488614635,0.011162221708954197,3.1908016294215615,3.21347407180405,3.2326891203520285,3.213604875342525,23.8711322739049,3.213707784479196
10a_iliSum_v1-3,_ilinDt_Octfit_span0.4_degree2,9,2017-09-16,50,318,1.6564598850400782,0.011142231385507085,1.6343060859467293,1.6567270630562556,1.6761000437555347,1.6568353786940135,4.24310409118941,1.6569137067576936
10a_iliSum_v1-3,_ilinDt_Octfit_span0.4_degree2,9,2017-09-16,53,319,1.9056004380742686,0.01106772304479046,1.8846745366650315,1.9055693801553129,1.9261023216204913,1.9055323767690737,5.72240622765525,1.9054461600349961
10a_iliSum_v1-3,_ilinDt_Octfit_span0.4_degree2,9,2017-09-16,55,320,2.3188315545599893,0.011124375119439991,2.2968475890964033,2.3190613184164337,2.33857029953452,2.3191524868412152,9.16766571686205,2.3192126573496807
10a_iliSum_v1-3,_ilinDt_Octfit_span0.4_degree2,9,2017-09-16,54,321,2.975313373377441,0.011105544296818535,2.9535341357027445,2.975492622144416,2.9951885384596766,2.9755583226278954,18.6011551650368,2.975588501491429
10a_iliSum_v1-3,_ilinDt_Octfit_span0.4_degree2,9,2017-09-16,56,322,2.3599369426477033,0.011067707498158583,2.3389545963118863,2.3599188117522396,2.380392828914897,2.3598877015177573,9.58890383166818,2.3598066444983203
10a_iliSum_v1-3,_ilinDt_Octfit_span0.4_degree2,9,2017-09-16,04,323,0.0016135005170039973,0.011472349547540893,-0.017045513698984462,8.405749803224924e-4,0.02568648373572676,4.456522693338925e-4,0,0
10a_iliSum_v1-3,_ilinDt_Octfit_span0.4_degree2,3,2017-09-16,05,324,1.651019553694182,0.39169147291617873,0.8831821081835933,1.650779053030111,2.4200216492837985,1.6502419210781019,NA,NA
10a_iliSum_v1-3,_ilinDt_Octfit_span0.4_degree2,3,2017-09-16,04,325,1.1113450842100119,0.3952811434633381,0.33749974810389005,1.1108529322757343,1.8880451208444655,1.109825878353167,NA,NA
10a_iliSum_v1-3,_ilinDt_Octfit_span0.4_degree2,3,2017-09-16,12,326,1.6973834728432844,0.41866138609205994,0.8779318335250627,1.696801241337938,2.520282381393943,1.695600317388685,NA,NA
10a_iliSum_v1-3,_ilinDt_Octfit_span0.4_degree2,3,2017-09-16,34,327,2.001444976708797,0.3970956667033047,1.2225441450648362,2.001366202116529,2.780613393772315,2.001168729346864,NA,NA
10a_iliSum_v1-3,_ilinDt_Octfit_span0.4_degree2,3,2017-09-16,44,328,1.4156168438159338,0.39554178132115597,0.640493134504557,1.4153047371235628,2.192266151159312,1.4146352247883516,NA,NA
10a_iliSum_v1-3,_ilinDt_Octfit_span0.4_degree2,3,2017-09-16,45,329,3.4004670308911993,0.39553763955151916,2.624790643339055,3.400375429853086,4.17645748301505,3.4002093625274044,NA,NA
10a_iliSum_v1-3,_ilinDt_Octfit_span0.4_degree2,4,2017-09-16,08,330,2.491287139010691,0.4071455446653947,1.6909934976891643,2.491826299644426,3.2885803312220654,2.4929735260395227,NA,NA
10a_iliSum_v1-3,_ilinDt_Octfit_span0.4_degree2,4,2017-09-16,31,331,2.842552157740621,0.39376775925938,2.0699532247975934,2.8425495064449438,3.615007361434741,2.8425229749671783,NA,NA
10a_iliSum_v1-3,_ilinDt_Octfit_span0.4_degree2,4,2017-09-16,44,332,1.9262813290904492,0.39506882960663775,1.1511350189536187,1.926289899775106,2.701215522134365,1.9263009754505651,NA,NA
10a_iliSum_v1-3,_ilinDt_Octfit_span0.4_degree2,4,2017-09-16,49,333,2.15058914227947,0.41201249831847414,1.3418072320489405,2.1507455509909565,2.958319915953327,2.1511066504382055,NA,NA
10a_iliSum_v1-3,_ilinDt_Octfit_span0.4_degree2,7,2017-09-16,16,334,1.762743799755826,0.39791037991177775,0.9828907179478887,1.7624616495344647,2.5439639404595256,1.7618456502324804,NA,NA
10a_iliSum_v1-3,_ilinDt_Octfit_span0.4_degree2,7,2017-09-16,30,335,1.3989803694558036,0.3912971988773505,0.6323679457273718,1.3986869527350367,2.1674722404388116,1.3981259742229848,NA,NA
10a_iliSum_v1-3,_ilinDt_Octfit_span0.4_degree2,9,2017-09-16,16,336,1.4870918949220044,0.40507239397553757,0.6942879062044529,1.4864939843738911,2.2832992632573825,1.4852319895594595,NA,NA
